classe_via,grupo_uso,condicoes,base_legal
VP,R1,Sim,Lei nº 9.148/2016 — Quadro 11A
VL,R1,Sim,Lei nº 9.148/2016 — Quadro 11A
VC II,R1,Sim,Lei nº 9.148/2016 — Quadro 11A
VC I,R1,Sim,Lei nº 9.148/2016 — Quadro 11A
VA II,R1,Sim,Lei nº 9.148/2016 — Quadro 11A
VA I,R1,Sim,Lei nº 9.148/2016 — Quadro 11A
VE,R1,Sim,Lei nº 9.148/2016 — Quadro 11A
VP,R2-01,Sim,Lei nº 9.148/2016 — Quadro 11A
VL,R2-01,Sim,Lei nº 9.148/2016 — Quadro 11A
VC II,R2-01,Sim,Lei nº 9.148/2016 — Quadro 11A
VC I,R2-01,Sim,Lei nº 9.148/2016 — Quadro 11A
VA II,R2-01,Sim,Lei nº 9.148/2016 — Quadro 11A
VA I,R2-01,Sim,Lei nº 9.148/2016 — Quadro 11A
VE,R2-01,Sim,Lei nº 9.148/2016 — Quadro 11A
VP,R2-02,Sim,Lei nº 9.148/2016 — Quadro 11A
VL,R2-02,Sim,Lei nº 9.148/2016 — Quadro 11A
VC II,R2-02,Sim,Lei nº 9.148/2016 — Quadro 11A
VC I,R2-02,Sim,Lei nº 9.148/2016 — Quadro 11A
VA II,R2-02,Sim,Lei nº 9.148/2016 — Quadro 11A
VA I,R2-02,Sim,Lei nº 9.148/2016 — Quadro 11A
VE,R2-02,Sim,Lei nº 9.148/2016 — Quadro 11A
VP,R3-01,Sim,Lei nº 9.148/2016 — Quadro 11A
VL,R3-01,Sim,Lei nº 9.148/2016 — Quadro 11A
VC II,R3-01,Sim,Lei nº 9.148/2016 — Quadro 11A
VC I,R3-01,Sim,Lei nº 9.148/2016 — Quadro 11A
VA II,R3-01,Sim,Lei nº 9.148/2016 — Quadro 11A
VA I,R3-01,Sim,Lei nº 9.148/2016 — Quadro 11A
VE,R3-01,Sim,Lei nº 9.148/2016 — Quadro 11A
VP,R3-02,Não,Lei nº 9.148/2016 — Quadro 11A
VL,R3-02,Sim,Lei nº 9.148/2016 — Quadro 11A
VC II,R3-02,Sim,Lei nº 9.148/2016 — Quadro 11A
VC I,R3-02,Sim,Lei nº 9.148/2016 — Quadro 11A
VA II,R3-02,Sim,Lei nº 9.148/2016 — Quadro 11A
VA I,R3-02,Sim,Lei nº 9.148/2016 — Quadro 11A
VE,R3-02,Sim,Lei nº 9.148/2016 — Quadro 11A
VP,R3-03,Não,Lei nº 9.148/2016 — Quadro 11A
VL,R3-03,Sim,Lei nº 9.148/2016 — Quadro 11A
VC II,R3-03,Sim,Lei nº 9.148/2016 — Quadro 11A
VC I,R3-03,Sim,Lei nº 9.148/2016 — Quadro 11A
VA II,R3-03,Sim,Lei nº 9.148/2016 — Quadro 11A
VA I,R3-03,Sim,Lei nº 9.148/2016 — Quadro 11A
VE,R3-03,Sim,Lei nº 9.148/2016 — Quadro 11A
VP,EHIS,Não,Lei nº 9.148/2016 — Quadro 11A
VL,EHIS,Sim,Lei nº 9.148/2016 — Quadro 11A
VC II,EHIS,Sim,Lei nº 9.148/2016 — Quadro 11A
VC I,EHIS,Sim,Lei nº 9.148/2016 — Quadro 11A
VA II,EHIS,Sim,Lei nº 9.148/2016 — Quadro 11A
VA I,EHIS,Sim,Lei nº 9.148/2016 — Quadro 11A
VE,EHIS,Sim,Lei nº 9.148/2016 — Quadro 11A
VP,EHMP,Não,Lei nº 9.148/2016 — Quadro 11A
VL,EHMP,Sim,Lei nº 9.148/2016 — Quadro 11A
VC II,EHMP,Sim,Lei nº 9.148/2016 — Quadro 11A
VC I,EHMP,Sim,Lei nº 9.148/2016 — Quadro 11A
VA II,EHMP,Sim,Lei nº 9.148/2016 — Quadro 11A
VA I,EHMP,Sim,Lei nº 9.148/2016 — Quadro 11A
VE,EHMP,Sim,Lei nº 9.148/2016 — Quadro 11A
VP,nRa-01,Objeto de análise particularizada pela CNLU,Lei nº 9.148/2016 — Quadro 11A
VL,nRa-01,Objeto de análise particularizada pela CNLU,Lei nº 9.148/2016 — Quadro 11A
VC II,nRa-01,Objeto de análise particularizada pela CNLU,Lei nº 9.148/2016 — Quadro 11A
VC I,nRa-01,Objeto de análise particularizada pela CNLU,Lei nº 9.148/2016 — Quadro 11A
VA II,nRa-01,Objeto de análise particularizada pela CNLU,Lei nº 9.148/2016 — Quadro 11A
VA I,nRa-01,Objeto de análise particularizada pela CNLU,Lei nº 9.148/2016 — Quadro 11A
VE,nRa-01,Objeto de análise particularizada pela CNLU,Lei nº 9.148/2016 — Quadro 11A
VP,nRa-02,Objeto de análise particularizada pela CNLU,Lei nº 9.148/2016 — Quadro 11A
VL,nRa-02,Objeto de análise particularizada pela CNLU,Lei nº 9.148/2016 — Quadro 11A
VC II,nRa-02,Objeto de análise particularizada pela CNLU,Lei nº 9.148/2016 — Quadro 11A
VC I,nRa-02,Objeto de análise particularizada pela CNLU,Lei nº 9.148/2016 — Quadro 11A
VA II,nRa-02,Objeto de análise particularizada pela CNLU,Lei nº 9.148/2016 — Quadro 11A
VA I,nRa-02,Objeto de análise particularizada pela CNLU,Lei nº 9.148/2016 — Quadro 11A
VE,nRa-02,Objeto de análise particularizada pela CNLU,Lei nº 9.148/2016 — Quadro 11A
VP,nRa-03,Objeto de análise particularizada pela CNLU,Lei nº 9.148/2016 — Quadro 11A
VL,nRa-03,Objeto de análise particularizada pela CNLU,Lei nº 9.148/2016 — Quadro 11A
VC II,nRa-03,Objeto de análise particularizada pela CNLU,Lei nº 9.148/2016 — Quadro 11A
VC I,nRa-03,Objeto de análise particularizada pela CNLU,Lei nº 9.148/2016 — Quadro 11A
VA II,nRa-03,Objeto de análise particularizada pela CNLU,Lei nº 9.148/2016 — Quadro 11A
VA I,nRa-03,Objeto de análise particularizada pela CNLU,Lei nº 9.148/2016 — Quadro 11A
VE,nRa-03,Objeto de análise particularizada pela CNLU,Lei nº 9.148/2016 — Quadro 11A
VP,nRa-04,Objeto de análise particularizada pela CNLU,Lei nº 9.148/2016 — Quadro 11A
VL,nRa-04,Objeto de análise particularizada pela CNLU,Lei nº 9.148/2016 — Quadro 11A
VC II,nRa-04,Objeto de análise particularizada pela CNLU,Lei nº 9.148/2016 — Quadro 11A
VC I,nRa-04,Objeto de análise particularizada pela CNLU,Lei nº 9.148/2016 — Quadro 11A
VA II,nRa-04,Objeto de análise particularizada pela CNLU,Lei nº 9.148/2016 — Quadro 11A
VA I,nRa-04,Objeto de análise particularizada pela CNLU,Lei nº 9.148/2016 — Quadro 11A
VE,nRa-04,Objeto de análise particularizada pela CNLU,Lei nº 9.148/2016 — Quadro 11A
VP,nRa-05,Objeto de análise particularizada pela CNLU,Lei nº 9.148/2016 — Quadro 11A
VL,nRa-05,Objeto de análise particularizada pela CNLU,Lei nº 9.148/2016 — Quadro 11A
VC II,nRa-05,Objeto de análise particularizada pela CNLU,Lei nº 9.148/2016 — Quadro 11A
VC I,nRa-05,Objeto de análise particularizada pela CNLU,Lei nº 9.148/2016 — Quadro 11A
VA II,nRa-05,Objeto de análise particularizada pela CNLU,Lei nº 9.148/2016 — Quadro 11A
VA I,nRa-05,Objeto de análise particularizada pela CNLU,Lei nº 9.148/2016 — Quadro 11A
VE,nRa-05,Objeto de análise particularizada pela CNLU,Lei nº 9.148/2016 — Quadro 11A
VP,nR1-01,Sim,Lei nº 9.148/2016 — Quadro 11A
VL,nR1-01,Sim,Lei nº 9.148/2016 — Quadro 11A
VC II,nR1-01,Sim,Lei nº 9.148/2016 — Quadro 11A
VC I,nR1-01,Sim,Lei nº 9.148/2016 — Quadro 11A
VA II,nR1-01,Sim,Lei nº 9.148/2016 — Quadro 11A
VA I,nR1-01,Sim,Lei nº 9.148/2016 — Quadro 11A
VE,nR1-01,Sim,Lei nº 9.148/2016 — Quadro 11A
VP,nR1-02,Sim,Lei nº 9.148/2016 — Quadro 11A
VL,nR1-02,Sim,Lei nº 9.148/2016 — Quadro 11A
VC II,nR1-02,Sim,Lei nº 9.148/2016 — Quadro 11A
VC I,nR1-02,Sim,Lei nº 9.148/2016 — Quadro 11A
VA II,nR1-02,Sim,Lei nº 9.148/2016 — Quadro 11A
VA I,nR1-02,Sim,Lei nº 9.148/2016 — Quadro 11A
VE,nR1-02,Sim,Lei nº 9.148/2016 — Quadro 11A
VP,nR1-03,Sim,Lei nº 9.148/2016 — Quadro 11A
VL,nR1-03,Sim,Lei nº 9.148/2016 — Quadro 11A
VC II,nR1-03,Sim,Lei nº 9.148/2016 — Quadro 11A
VC I,nR1-03,Sim,Lei nº 9.148/2016 — Quadro 11A
VA II,nR1-03,Sim,Lei nº 9.148/2016 — Quadro 11A
VA I,nR1-03,Sim,Lei nº 9.148/2016 — Quadro 11A
VE,nR1-03,Sim,Lei nº 9.148/2016 — Quadro 11A
VP,nR1-04,Sim,Lei nº 9.148/2016 — Quadro 11A
VL,nR1-04,Sim,Lei nº 9.148/2016 — Quadro 11A
VC II,nR1-04,Sim,Lei nº 9.148/2016 — Quadro 11A
VC I,nR1-04,Sim,Lei nº 9.148/2016 — Quadro 11A
VA II,nR1-04,Sim,Lei nº 9.148/2016 — Quadro 11A
VA I,nR1-04,Sim,Lei nº 9.148/2016 — Quadro 11A
VE,nR1-04,Sim,Lei nº 9.148/2016 — Quadro 11A
VP,nR1-05,Sim,Lei nº 9.148/2016 — Quadro 11A
VL,nR1-05,Sim,Lei nº 9.148/2016 — Quadro 11A
VC II,nR1-05,Sim,Lei nº 9.148/2016 — Quadro 11A
VC I,nR1-05,Sim,Lei nº 9.148/2016 — Quadro 11A
VA II,nR1-05,Sim,Lei nº 9.148/2016 — Quadro 11A
VA I,nR1-05,Sim,Lei nº 9.148/2016 — Quadro 11A
VE,nR1-05,Sim,Lei nº 9.148/2016 — Quadro 11A
VP,nR1-06,Sim,Lei nº 9.148/2016 — Quadro 11A
VL,nR1-06,Sim,Lei nº 9.148/2016 — Quadro 11A
VC II,nR1-06,Sim,Lei nº 9.148/2016 — Quadro 11A
VC I,nR1-06,Sim,Lei nº 9.148/2016 — Quadro 11A
VA II,nR1-06,Sim,Lei nº 9.148/2016 — Quadro 11A
VA I,nR1-06,Sim,Lei nº 9.148/2016 — Quadro 11A
VE,nR1-06,Sim,Lei nº 9.148/2016 — Quadro 11A
VP,nR1-07,Sim,Lei nº 9.148/2016 — Quadro 11A
VL,nR1-07,Sim,Lei nº 9.148/2016 — Quadro 11A
VC II,nR1-07,Sim,Lei nº 9.148/2016 — Quadro 11A
VC I,nR1-07,Sim,Lei nº 9.148/2016 — Quadro 11A
VA II,nR1-07,Sim,Lei nº 9.148/2016 — Quadro 11A
VA I,nR1-07,Sim,Lei nº 9.148/2016 — Quadro 11A
VE,nR1-07,Sim,Lei nº 9.148/2016 — Quadro 11A
VP,nR1-08,Sim,Lei nº 9.148/2016 — Quadro 11A
VL,nR1-08,Sim,Lei nº 9.148/2016 — Quadro 11A
VC II,nR1-08,Sim,Lei nº 9.148/2016 — Quadro 11A
VC I,nR1-08,Sim,Lei nº 9.148/2016 — Quadro 11A
VA II,nR1-08,Sim,Lei nº 9.148/2016 — Quadro 11A
VA I,nR1-08,Sim,Lei nº 9.148/2016 — Quadro 11A
VE,nR1-08,Sim,Lei nº 9.148/2016 — Quadro 11A
VP,nR1-09,Sim,Lei nº 9.148/2016 — Quadro 11A
VL,nR1-09,Sim,Lei nº 9.148/2016 — Quadro 11A
VC II,nR1-09,Sim,Lei nº 9.148/2016 — Quadro 11A
VC I,nR1-09,Sim,Lei nº 9.148/2016 — Quadro 11A
VA II,nR1-09,Sim,Lei nº 9.148/2016 — Quadro 11A
VA I,nR1-09,Sim,Lei nº 9.148/2016 — Quadro 11A
VE,nR1-09,Sim,Lei nº 9.148/2016 — Quadro 11A
VP,nR1-10,Sim,Lei nº 9.148/2016 — Quadro 11A
VL,nR1-10,Sim,Lei nº 9.148/2016 — Quadro 11A
VC II,nR1-10,Sim,Lei nº 9.148/2016 — Quadro 11A
VC I,nR1-10,Sim,Lei nº 9.148/2016 — Quadro 11A
VA II,nR1-10,Sim,Lei nº 9.148/2016 — Quadro 11A
VA I,nR1-10,Sim,Lei nº 9.148/2016 — Quadro 11A
VE,nR1-10,Sim,Lei nº 9.148/2016 — Quadro 11A
VP,nR1-12,Sim,Lei nº 9.148/2016 — Quadro 11A
VL,nR1-12,Sim,Lei nº 9.148/2016 — Quadro 11A
VC II,nR1-12,Sim,Lei nº 9.148/2016 — Quadro 11A
VC I,nR1-12,Sim,Lei nº 9.148/2016 — Quadro 11A
VA II,nR1-12,Sim,Lei nº 9.148/2016 — Quadro 11A
VA I,nR1-12,Sim,Lei nº 9.148/2016 — Quadro 11A
VE,nR1-12,Sim,Lei nº 9.148/2016 — Quadro 11A
VP,nR1-13,Sim,Lei nº 9.148/2016 — Quadro 11A
VL,nR1-13,Sim,Lei nº 9.148/2016 — Quadro 11A
VC II,nR1-13,Sim,Lei nº 9.148/2016 — Quadro 11A
VC I,nR1-13,Sim,Lei nº 9.148/2016 — Quadro 11A
VA II,nR1-13,Sim,Lei nº 9.148/2016 — Quadro 11A
VA I,nR1-13,Sim,Lei nº 9.148/2016 — Quadro 11A
VE,nR1-13,Sim,Lei nº 9.148/2016 — Quadro 11A
VP,nR2-01,Sim,Lei nº 9.148/2016 — Quadro 11A
VL,nR2-01,Sim,Lei nº 9.148/2016 — Quadro 11A
VC II,nR2-01,Sim,Lei nº 9.148/2016 — Quadro 11A
VC I,nR2-01,Sim,Lei nº 9.148/2016 — Quadro 11A
VA II,nR2-01,Sim,Lei nº 9.148/2016 — Quadro 11A
VA I,nR2-01,Sim,Lei nº 9.148/2016 — Quadro 11A
VE,nR2-01,Sim,Lei nº 9.148/2016 — Quadro 11A
VP,nR2-02,Sim,Lei nº 9.148/2016 — Quadro 11A
VL,nR2-02,Sim,Lei nº 9.148/2016 — Quadro 11A
VC II,nR2-02,Sim,Lei nº 9.148/2016 — Quadro 11A
VC I,nR2-02,Sim,Lei nº 9.148/2016 — Quadro 11A
VA II,nR2-02,Sim,Lei nº 9.148/2016 — Quadro 11A
VA I,nR2-02,Sim,Lei nº 9.148/2016 — Quadro 11A
VE,nR2-02,Sim,Lei nº 9.148/2016 — Quadro 11A
VP,nR2-04,Não,Lei nº 9.148/2016 — Quadro 11A
VL,nR2-04,Não,Lei nº 9.148/2016 — Quadro 11A
VC II,nR2-04,Sim,Lei nº 9.148/2016 — Quadro 11A
VC I,nR2-04,Sim,Lei nº 9.148/2016 — Quadro 11A
VA II,nR2-04,Sim,Lei nº 9.148/2016 — Quadro 11A
VA I,nR2-04,Sim,Lei nº 9.148/2016 — Quadro 11A
VE,nR2-04,Sim,Lei nº 9.148/2016 — Quadro 11A
VP,nR2-05,Sim,Lei nº 9.148/2016 — Quadro 11A
VL,nR2-05,Sim,Lei nº 9.148/2016 — Quadro 11A
VC II,nR2-05,Sim,Lei nº 9.148/2016 — Quadro 11A
VC I,nR2-05,Sim,Lei nº 9.148/2016 — Quadro 11A
VA II,nR2-05,Sim,Lei nº 9.148/2016 — Quadro 11A
VA I,nR2-05,Sim,Lei nº 9.148/2016 — Quadro 11A
VE,nR2-05,Sim,Lei nº 9.148/2016 — Quadro 11A
VP,nR2-06,Sim,Lei nº 9.148/2016 — Quadro 11A
VL,nR2-06,Sim,Lei nº 9.148/2016 — Quadro 11A
VC II,nR2-06,Sim,Lei nº 9.148/2016 — Quadro 11A
VC I,nR2-06,Sim,Lei nº 9.148/2016 — Quadro 11A
VA II,nR2-06,Sim,Lei nº 9.148/2016 — Quadro 11A
VA I,nR2-06,Sim,Lei nº 9.148/2016 — Quadro 11A
VE,nR2-06,Sim,Lei nº 9.148/2016 — Quadro 11A
VP,nR2-07,Sim,Lei nº 9.148/2016 — Quadro 11A
VL,nR2-07,Sim,Lei nº 9.148/2016 — Quadro 11A
VC II,nR2-07,Sim,Lei nº 9.148/2016 — Quadro 11A
VC I,nR2-07,Sim,Lei nº 9.148/2016 — Quadro 11A
VA II,nR2-07,Sim,Lei nº 9.148/2016 — Quadro 11A
VA I,nR2-07,Sim,Lei nº 9.148/2016 — Quadro 11A
VE,nR2-07,Sim,Lei nº 9.148/2016 — Quadro 11A
VP,nR2-08,Sim,Lei nº 9.148/2016 — Quadro 11A
VL,nR2-08,Não,Lei nº 9.148/2016 — Quadro 11A
VC II,nR2-08,Sim,Lei nº 9.148/2016 — Quadro 11A
VC I,nR2-08,Sim,Lei nº 9.148/2016 — Quadro 11A
VA II,nR2-08,Sim,Lei nº 9.148/2016 — Quadro 11A
VA I,nR2-08,Sim,Lei nº 9.148/2016 — Quadro 11A
VE,nR2-08,Sim,Lei nº 9.148/2016 — Quadro 11A
VP,nR2-09,Sim,Lei nº 9.148/2016 — Quadro 11A
VL,nR2-09,Sim,Lei nº 9.148/2016 — Quadro 11A
VC II,nR2-09,Sim,Lei nº 9.148/2016 — Quadro 11A
VC I,nR2-09,Sim,Lei nº 9.148/2016 — Quadro 11A
VA II,nR2-09,Sim,Lei nº 9.148/2016 — Quadro 11A
VA I,nR2-09,Sim,Lei nº 9.148/2016 — Quadro 11A
VE,nR2-09,Sim,Lei nº 9.148/2016 — Quadro 11A
VP,nR2-10,Não,Lei nº 9.148/2016 — Quadro 11A
VL,nR2-10,Sim,Lei nº 9.148/2016 — Quadro 11A
VC II,nR2-10,Sim,Lei nº 9.148/2016 — Quadro 11A
VC I,nR2-10,Sim,Lei nº 9.148/2016 — Quadro 11A
VA II,nR2-10,Sim,Lei nº 9.148/2016 — Quadro 11A
VA I,nR2-10,Sim,Lei nº 9.148/2016 — Quadro 11A
VE,nR2-10,Sim,Lei nº 9.148/2016 — Quadro 11A
VP,nR2-11,Sim,Lei nº 9.148/2016 — Quadro 11A
VL,nR2-11,Sim,Lei nº 9.148/2016 — Quadro 11A
VC II,nR2-11,Sim,Lei nº 9.148/2016 — Quadro 11A
VC I,nR2-11,Sim,Lei nº 9.148/2016 — Quadro 11A
VA II,nR2-11,Sim,Lei nº 9.148/2016 — Quadro 11A
VA I,nR2-11,Sim,Lei nº 9.148/2016 — Quadro 11A
VE,nR2-11,Sim,Lei nº 9.148/2016 — Quadro 11A
VP,nR2-12,Sim,Lei nº 9.148/2016 — Quadro 11A
VL,nR2-12,Não,Lei nº 9.148/2016 — Quadro 11A
VC II,nR2-12,Sim,Lei nº 9.148/2016 — Quadro 11A
VC I,nR2-12,Sim,Lei nº 9.148/2016 — Quadro 11A
VA II,nR2-12,Sim,Lei nº 9.148/2016 — Quadro 11A
VA I,nR2-12,Sim,Lei nº 9.148/2016 — Quadro 11A
VE,nR2-12,Sim,Lei nº 9.148/2016 — Quadro 11A
VP,nR3-08,Não,Lei nº 9.148/2016 — Quadro 11A
VL,nR3-08,Não,Lei nº 9.148/2016 — Quadro 11A
VC II,nR3-08,Não,Lei nº 9.148/2016 — Quadro 11A
VC I,nR3-08,Não,Lei nº 9.148/2016 — Quadro 11A
VA II,nR3-08,Sim,Lei nº 9.148/2016 — Quadro 11A
VA I,nR3-08,Sim,Lei nº 9.148/2016 — Quadro 11A
VE,nR3-08,Sim,Lei nº 9.148/2016 — Quadro 11A
VP,nR3-14,Objeto de análise particularizada pela CNLU,Lei nº 9.148/2016 — Quadro 11A
VL,nR3-14,Objeto de análise particularizada pela CNLU,Lei nº 9.148/2016 — Quadro 11A
VC II,nR3-14,Objeto de análise particularizada pela CNLU,Lei nº 9.148/2016 — Quadro 11A
VC I,nR3-14,Objeto de análise particularizada pela CNLU,Lei nº 9.148/2016 — Quadro 11A
VA II,nR3-14,Objeto de análise particularizada pela CNLU,Lei nº 9.148/2016 — Quadro 11A
VA I,nR3-14,Objeto de análise particularizada pela CNLU,Lei nº 9.148/2016 — Quadro 11A
VE,nR3-14,Objeto de análise particularizada pela CNLU,Lei nº 9.148/2016 — Quadro 11A
VP,nR4-01,Objeto de análise particularizada pela CNLU,Lei nº 9.148/2016 — Quadro 11A
VL,nR4-01,Objeto de análise particularizada pela CNLU,Lei nº 9.148/2016 — Quadro 11A
VC II,nR4-01,Objeto de análise particularizada pela CNLU,Lei nº 9.148/2016 — Quadro 11A
VC I,nR4-01,Objeto de análise particularizada pela CNLU,Lei nº 9.148/2016 — Quadro 11A
VA II,nR4-01,Objeto de análise particularizada pela CNLU,Lei nº 9.148/2016 — Quadro 11A
VA I,nR4-01,Objeto de análise particularizada pela CNLU,Lei nº 9.148/2016 — Quadro 11A
VE,nR4-01,Objeto de análise particularizada pela CNLU,Lei nº 9.148/2016 — Quadro 11A
VP,nR4-02,Objeto de análise particularizada pela CNLU,Lei nº 9.148/2016 — Quadro 11A
VL,nR4-02,Objeto de análise particularizada pela CNLU,Lei nº 9.148/2016 — Quadro 11A
VC II,nR4-02,Objeto de análise particularizada pela CNLU,Lei nº 9.148/2016 — Quadro 11A
VC I,nR4-02,Objeto de análise particularizada pela CNLU,Lei nº 9.148/2016 — Quadro 11A
VA II,nR4-02,Objeto de análise particularizada pela CNLU,Lei nº 9.148/2016 — Quadro 11A
VA I,nR4-02,Objeto de análise particularizada pela CNLU,Lei nº 9.148/2016 — Quadro 11A
VE,nR4-02,Objeto de análise particularizada pela CNLU,Lei nº 9.148/2016 — Quadro 11A
VP,nR4-03,Objeto de análise particularizada pela CNLU,Lei nº 9.148/2016 — Quadro 11A
VL,nR4-03,Objeto de análise particularizada pela CNLU,Lei nº 9.148/2016 — Quadro 11A
VC II,nR4-03,Objeto de análise particularizada pela CNLU,Lei nº 9.148/2016 — Quadro 11A
VC I,nR4-03,Objeto de análise particularizada pela CNLU,Lei nº 9.148/2016 — Quadro 11A
VA II,nR4-03,Objeto de análise particularizada pela CNLU,Lei nº 9.148/2016 — Quadro 11A
VA I,nR4-03,Objeto de análise particularizada pela CNLU,Lei nº 9.148/2016 — Quadro 11A
VE,nR4-03,Objeto de análise particularizada pela CNLU,Lei nº 9.148/2016 — Quadro 11A
VP,nR4-04,Objeto de análise particularizada pela CNLU,Lei nº 9.148/2016 — Quadro 11A
VL,nR4-04,Objeto de análise particularizada pela CNLU,Lei nº 9.148/2016 — Quadro 11A
VC II,nR4-04,Objeto de análise particularizada pela CNLU,Lei nº 9.148/2016 — Quadro 11A
VC I,nR4-04,Objeto de análise particularizada pela CNLU,Lei nº 9.148/2016 — Quadro 11A
VA II,nR4-04,Objeto de análise particularizada pela CNLU,Lei nº 9.148/2016 — Quadro 11A
VA I,nR4-04,Objeto de análise particularizada pela CNLU,Lei nº 9.148/2016 — Quadro 11A
VE,nR4-04,Objeto de análise particularizada pela CNLU,Lei nº 9.148/2016 — Quadro 11A
VP,nR4-05,Objeto de análise particularizada pela CNLU,Lei nº 9.148/2016 — Quadro 11A
VL,nR4-05,Objeto de análise particularizada pela CNLU,Lei nº 9.148/2016 — Quadro 11A
VC II,nR4-05,Objeto de análise particularizada pela CNLU,Lei nº 9.148/2016 — Quadro 11A
VC I,nR4-05,Objeto de análise particularizada pela CNLU,Lei nº 9.148/2016 — Quadro 11A
VA II,nR4-05,Objeto de análise particularizada pela CNLU,Lei nº 9.148/2016 — Quadro 11A
VA I,nR4-05,Objeto de análise particularizada pela CNLU,Lei nº 9.148/2016 — Quadro 11A
VE,nR4-05,Objeto de análise particularizada pela CNLU,Lei nº 9.148/2016 — Quadro 11A
VP,nR4-06,Objeto de análise particularizada pela CNLU,Lei nº 9.148/2016 — Quadro 11A
VL,nR4-06,Objeto de análise particularizada pela CNLU,Lei nº 9.148/2016 — Quadro 11A
VC II,nR4-06,Objeto de análise particularizada pela CNLU,Lei nº 9.148/2016 — Quadro 11A
VC I,nR4-06,Objeto de análise particularizada pela CNLU,Lei nº 9.148/2016 — Quadro 11A
VA II,nR4-06,Objeto de análise particularizada pela CNLU,Lei nº 9.148/2016 — Quadro 11A
VA I,nR4-06,Objeto de análise particularizada pela CNLU,Lei nº 9.148/2016 — Quadro 11A
VE,nR4-06,Objeto de análise particularizada pela CNLU,Lei nº 9.148/2016 — Quadro 11A
VP,ID1-02,Não,Lei nº 9.148/2016 — Quadro 11A
VL,ID1-02,Não,Lei nº 9.148/2016 — Quadro 11A
VC II,ID1-02,Sim,Lei nº 9.148/2016 — Quadro 11A
VC I,ID1-02,Sim,Lei nº 9.148/2016 — Quadro 11A
VA II,ID1-02,Sim,Lei nº 9.148/2016 — Quadro 11A
VA I,ID1-02,Sim,Lei nº 9.148/2016 — Quadro 11A
VE,ID1-02,Sim,Lei nº 9.148/2016 — Quadro 11A
VP,ID1-12,Não,Lei nº 9.148/2016 — Quadro 11A
VL,ID1-12,Não,Lei nº 9.148/2016 — Quadro 11A
VC II,ID1-12,Sim,Lei nº 9.148/2016 — Quadro 11A
VC I,ID1-12,Sim,Lei nº 9.148/2016 — Quadro 11A
VA II,ID1-12,Sim,Lei nº 9.148/2016 — Quadro 11A
VA I,ID1-12,Sim,Lei nº 9.148/2016 — Quadro 11A
VE,ID1-12,Sim,Lei nº 9.148/2016 — Quadro 11A
VP,ID1-14,Não,Lei nº 9.148/2016 — Quadro 11A
VL,ID1-14,Não,Lei nº 9.148/2016 — Quadro 11A
VC II,ID1-14,Sim,Lei nº 9.148/2016 — Quadro 11A
VC I,ID1-14,Sim,Lei nº 9.148/2016 — Quadro 11A
VA II,ID1-14,Sim,Lei nº 9.148/2016 — Quadro 11A
VA I,ID1-14,Sim,Lei nº 9.148/2016 — Quadro 11A
VE,ID1-14,Sim,Lei nº 9.148/2016 — Quadro 11A
VP,ID1-16,Não,Lei nº 9.148/2016 — Quadro 11A
VL,ID1-16,Não,Lei nº 9.148/2016 — Quadro 11A
VC II,ID1-16,Sim,Lei nº 9.148/2016 — Quadro 11A
VC I,ID1-16,Sim,Lei nº 9.148/2016 — Quadro 11A
VA II,ID1-16,Sim,Lei nº 9.148/2016 — Quadro 11A
VA I,ID1-16,Sim,Lei nº 9.148/2016 — Quadro 11A
VE,ID1-16,Sim,Lei nº 9.148/2016 — Quadro 11A
VP,ID2-02,Não,Lei nº 9.148/2016 — Quadro 11A
VL,ID2-02,Não,Lei nº 9.148/2016 — Quadro 11A
VC II,ID2-02,Sim,Lei nº 9.148/2016 — Quadro 11A
VC I,ID2-02,Sim,Lei nº 9.148/2016 — Quadro 11A
VA II,ID2-02,Sim,Lei nº 9.148/2016 — Quadro 11A
VA I,ID2-02,Sim,Lei nº 9.148/2016 — Quadro 11A
VE,ID2-02,Sim,Lei nº 9.148/2016 — Quadro 11A
VP,ID2-05,Não,Lei nº 9.148/2016 — Quadro 11A
VL,ID2-05,Não,Lei nº 9.148/2016 — Quadro 11A
VC II,ID2-05,Sim,Lei nº 9.148/2016 — Quadro 11A
VC I,ID2-05,Sim,Lei nº 9.148/2016 — Quadro 11A
VA II,ID2-05,Sim,Lei nº 9.148/2016 — Quadro 11A
VA I,ID2-05,Sim,Lei nº 9.148/2016 — Quadro 11A
VE,ID2-05,Sim,Lei nº 9.148/2016 — Quadro 11A
VP,ID2-06,Não,Lei nº 9.148/2016 — Quadro 11A
VL,ID2-06,Não,Lei nº 9.148/2016 — Quadro 11A
VC II,ID2-06,Sim,Lei nº 9.148/2016 — Quadro 11A
VC I,ID2-06,Sim,Lei nº 9.148/2016 — Quadro 11A
VA II,ID2-06,Sim,Lei nº 9.148/2016 — Quadro 11A
VA I,ID2-06,Sim,Lei nº 9.148/2016 — Quadro 11A
VE,ID2-06,Sim,Lei nº 9.148/2016 — Quadro 11A
VP,ID2-07,Não,Lei nº 9.148/2016 — Quadro 11A
VL,ID2-07,Não,Lei nº 9.148/2016 — Quadro 11A
VC II,ID2-07,Sim,Lei nº 9.148/2016 — Quadro 11A
VC I,ID2-07,Sim,Lei nº 9.148/2016 — Quadro 11A
VA II,ID2-07,Sim,Lei nº 9.148/2016 — Quadro 11A
VA I,ID2-07,Sim,Lei nº 9.148/2016 — Quadro 11A
VE,ID2-07,Sim,Lei nº 9.148/2016 — Quadro 11A
VP,ID2-09,Não,Lei nº 9.148/2016 — Quadro 11A
VL,ID2-09,Não,Lei nº 9.148/2016 — Quadro 11A
VC II,ID2-09,Sim,Lei nº 9.148/2016 — Quadro 11A
VC I,ID2-09,Sim,Lei nº 9.148/2016 — Quadro 11A
VA II,ID2-09,Sim,Lei nº 9.148/2016 — Quadro 11A
VA I,ID2-09,Sim,Lei nº 9.148/2016 — Quadro 11A
VE,ID2-09,Sim,Lei nº 9.148/2016 — Quadro 11A
VP,ID2-10,Não,Lei nº 9.148/2016 — Quadro 11A
VL,ID2-10,Não,Lei nº 9.148/2016 — Quadro 11A
VC II,ID2-10,Sim,Lei nº 9.148/2016 — Quadro 11A
VC I,ID2-10,Sim,Lei nº 9.148/2016 — Quadro 11A
VA II,ID2-10,Sim,Lei nº 9.148/2016 — Quadro 11A
VA I,ID2-10,Sim,Lei nº 9.148/2016 — Quadro 11A
VE,ID2-10,Sim,Lei nº 9.148/2016 — Quadro 11A
VP,ID2-11,Não,Lei nº 9.148/2016 — Quadro 11A
VL,ID2-11,Não,Lei nº 9.148/2016 — Quadro 11A
VC II,ID2-11,Sim,Lei nº 9.148/2016 — Quadro 11A
VC I,ID2-11,Sim,Lei nº 9.148/2016 — Quadro 11A
VA II,ID2-11,Sim,Lei nº 9.148/2016 — Quadro 11A
VA I,ID2-11,Sim,Lei nº 9.148/2016 — Quadro 11A
VE,ID2-11,Sim,Lei nº 9.148/2016 — Quadro 11A
VP,ID2-12,Não,Lei nº 9.148/2016 — Quadro 11A
VL,ID2-12,Não,Lei nº 9.148/2016 — Quadro 11A
VC II,ID2-12,Sim,Lei nº 9.148/2016 — Quadro 11A
VC I,ID2-12,Sim,Lei nº 9.148/2016 — Quadro 11A
VA II,ID2-12,Sim,Lei nº 9.148/2016 — Quadro 11A
VA I,ID2-12,Sim,Lei nº 9.148/2016 — Quadro 11A
VE,ID2-12,Sim,Lei nº 9.148/2016 — Quadro 11A
VP,ID2-15,Não,Lei nº 9.148/2016 — Quadro 11A
VL,ID2-15,Não,Lei nº 9.148/2016 — Quadro 11A
VC II,ID2-15,Sim,Lei nº 9.148/2016 — Quadro 11A
VC I,ID2-15,Sim,Lei nº 9.148/2016 — Quadro 11A
VA II,ID2-15,Sim,Lei nº 9.148/2016 — Quadro 11A
VA I,ID2-15,Sim,Lei nº 9.148/2016 — Quadro 11A
VE,ID2-15,Sim,Lei nº 9.148/2016 — Quadro 11A
VP,ID2-18,Não,Lei nº 9.148/2016 — Quadro 11A
VL,ID2-18,Não,Lei nº 9.148/2016 — Quadro 11A
VC II,ID2-18,Sim,Lei nº 9.148/2016 — Quadro 11A
VC I,ID2-18,Sim,Lei nº 9.148/2016 — Quadro 11A
VA II,ID2-18,Sim,Lei nº 9.148/2016 — Quadro 11A
VA I,ID2-18,Sim,Lei nº 9.148/2016 — Quadro 11A
VE,ID2-18,Sim,Lei nº 9.148/2016 — Quadro 11A
VP,ID3-01,Não,Lei nº 9.148/2016 — Quadro 11A
VL,ID3-01,Não,Lei nº 9.148/2016 — Quadro 11A
VC II,ID3-01,Sim,Lei nº 9.148/2016 — Quadro 11A
VC I,ID3-01,Sim,Lei nº 9.148/2016 — Quadro 11A
VA II,ID3-01,Sim,Lei nº 9.148/2016 — Quadro 11A
VA I,ID3-01,Sim,Lei nº 9.148/2016 — Quadro 11A
VE,ID3-01,Sim,Lei nº 9.148/2016 — Quadro 11A
VP,ID3-02,Não,Lei nº 9.148/2016 — Quadro 11A
VL,ID3-02,Não,Lei nº 9.148/2016 — Quadro 11A
VC II,ID3-02,Sim,Lei nº 9.148/2016 — Quadro 11A
VC I,ID3-02,Sim,Lei nº 9.148/2016 — Quadro 11A
VA II,ID3-02,Sim,Lei nº 9.148/2016 — Quadro 11A
VA I,ID3-02,Sim,Lei nº 9.148/2016 — Quadro 11A
VE,ID3-02,Sim,Lei nº 9.148/2016 — Quadro 11A
VP,ID3-03,Não,Lei nº 9.148/2016 — Quadro 11A
VL,ID3-03,Não,Lei nº 9.148/2016 — Quadro 11A
VC II,ID3-03,Sim,Lei nº 9.148/2016 — Quadro 11A
VC I,ID3-03,Sim,Lei nº 9.148/2016 — Quadro 11A
VA II,ID3-03,Sim,Lei nº 9.148/2016 — Quadro 11A
VA I,ID3-03,Sim,Lei nº 9.148/2016 — Quadro 11A
VE,ID3-03,Sim,Lei nº 9.148/2016 — Quadro 11A
VP,ID3-04,Não,Lei nº 9.148/2016 — Quadro 11A
VL,ID3-04,Não,Lei nº 9.148/2016 — Quadro 11A
VC II,ID3-04,Sim,Lei nº 9.148/2016 — Quadro 11A
VC I,ID3-04,Sim,Lei nº 9.148/2016 — Quadro 11A
VA II,ID3-04,Sim,Lei nº 9.148/2016 — Quadro 11A
VA I,ID3-04,Sim,Lei nº 9.148/2016 — Quadro 11A
VE,ID3-04,Sim,Lei nº 9.148/2016 — Quadro 11A
VP,ID3-05,Não,Lei nº 9.148/2016 — Quadro 11A
VL,ID3-05,Não,Lei nº 9.148/2016 — Quadro 11A
VC II,ID3-05,Sim,Lei nº 9.148/2016 — Quadro 11A
VC I,ID3-05,Sim,Lei nº 9.148/2016 — Quadro 11A
VA II,ID3-05,Sim,Lei nº 9.148/2016 — Quadro 11A
VA I,ID3-05,Sim,Lei nº 9.148/2016 — Quadro 11A
VE,ID3-05,Sim,Lei nº 9.148/2016 — Quadro 11A
VP,ID3-06,Não,Lei nº 9.148/2016 — Quadro 11A
VL,ID3-06,Não,Lei nº 9.148/2016 — Quadro 11A
VC II,ID3-06,Sim,Lei nº 9.148/2016 — Quadro 11A
VC I,ID3-06,Sim,Lei nº 9.148/2016 — Quadro 11A
VA II,ID3-06,Sim,Lei nº 9.148/2016 — Quadro 11A
VA I,ID3-06,Sim,Lei nº 9.148/2016 — Quadro 11A
VE,ID3-06,Sim,Lei nº 9.148/2016 — Quadro 11A
VP,ID3-07,Não,Lei nº 9.148/2016 — Quadro 11A
VL,ID3-07,Não,Lei nº 9.148/2016 — Quadro 11A
VC II,ID3-07,Sim,Lei nº 9.148/2016 — Quadro 11A
VC I,ID3-07,Sim,Lei nº 9.148/2016 — Quadro 11A
VA II,ID3-07,Sim,Lei nº 9.148/2016 — Quadro 11A
VA I,ID3-07,Sim,Lei nº 9.148/2016 — Quadro 11A
VE,ID3-07,Sim,Lei nº 9.148/2016 — Quadro 11A
VP,ID3-08,Não,Lei nº 9.148/2016 — Quadro 11A
VL,ID3-08,Não,Lei nº 9.148/2016 — Quadro 11A
VC II,ID3-08,Sim,Lei nº 9.148/2016 — Quadro 11A
VC I,ID3-08,Sim,Lei nº 9.148/2016 — Quadro 11A
VA II,ID3-08,Sim,Lei nº 9.148/2016 — Quadro 11A
VA I,ID3-08,Sim,Lei nº 9.148/2016 — Quadro 11A
VE,ID3-08,Sim,Lei nº 9.148/2016 — Quadro 11A
VP,ID3-11,Não,Lei nº 9.148/2016 — Quadro 11A
VL,ID3-11,Não,Lei nº 9.148/2016 — Quadro 11A
VC II,ID3-11,Sim,Lei nº 9.148/2016 — Quadro 11A
VC I,ID3-11,Sim,Lei nº 9.148/2016 — Quadro 11A
VA II,ID3-11,Sim,Lei nº 9.148/2016 — Quadro 11A
VA I,ID3-11,Sim,Lei nº 9.148/2016 — Quadro 11A
VE,ID3-11,Sim,Lei nº 9.148/2016 — Quadro 11A
VP,ID3-12,Não,Lei nº 9.148/2016 — Quadro 11A
VL,ID3-12,Não,Lei nº 9.148/2016 — Quadro 11A
VC II,ID3-12,Sim,Lei nº 9.148/2016 — Quadro 11A
VC I,ID3-12,Sim,Lei nº 9.148/2016 — Quadro 11A
VA II,ID3-12,Sim,Lei nº 9.148/2016 — Quadro 11A
VA I,ID3-12,Sim,Lei nº 9.148/2016 — Quadro 11A
VE,ID3-12,Sim,Lei nº 9.148/2016 — Quadro 11A
VP,ID3-13,Não,Lei nº 9.148/2016 — Quadro 11A
VL,ID3-13,Não,Lei nº 9.148/2016 — Quadro 11A
VC II,ID3-13,Sim,Lei nº 9.148/2016 — Quadro 11A
VC I,ID3-13,Sim,Lei nº 9.148/2016 — Quadro 11A
VA II,ID3-13,Sim,Lei nº 9.148/2016 — Quadro 11A
VA I,ID3-13,Sim,Lei nº 9.148/2016 — Quadro 11A
VE,ID3-13,Sim,Lei nº 9.148/2016 — Quadro 11A
VP,ID3-14,Não,Lei nº 9.148/2016 — Quadro 11A
VL,ID3-14,Não,Lei nº 9.148/2016 — Quadro 11A
VC II,ID3-14,Sim,Lei nº 9.148/2016 — Quadro 11A
VC I,ID3-14,Sim,Lei nº 9.148/2016 — Quadro 11A
VA II,ID3-14,Sim,Lei nº 9.148/2016 — Quadro 11A
VA I,ID3-14,Sim,Lei nº 9.148/2016 — Quadro 11A
VE,ID3-14,Sim,Lei nº 9.148/2016 — Quadro 11A
VP,ID3-16,Não,Lei nº 9.148/2016 — Quadro 11A
VL,ID3-16,Não,Lei nº 9.148/2016 — Quadro 11A
VC II,ID3-16,Sim,Lei nº 9.148/2016 — Quadro 11A
VC I,ID3-16,Sim,Lei nº 9.148/2016 — Quadro 11A
VA II,ID3-16,Sim,Lei nº 9.148/2016 — Quadro 11A
VA I,ID3-16,Sim,Lei nº 9.148/2016 — Quadro 11A
VE,ID3-16,Sim,Lei nº 9.148/2016 — Quadro 11A
VP,ID3-17,Não,Lei nº 9.148/2016 — Quadro 11A
VL,ID3-17,Não,Lei nº 9.148/2016 — Quadro 11A
VC II,ID3-17,Sim,Lei nº 9.148/2016 — Quadro 11A
VC I,ID3-17,Sim,Lei nº 9.148/2016 — Quadro 11A
VA II,ID3-17,Sim,Lei nº 9.148/2016 — Quadro 11A
VA I,ID3-17,Sim,Lei nº 9.148/2016 — Quadro 11A
VE,ID3-17,Sim,Lei nº 9.148/2016 — Quadro 11A
VP,ID3-19,Não,Lei nº 9.148/2016 — Quadro 11A
VL,ID3-19,Não,Lei nº 9.148/2016 — Quadro 11A
VC II,ID3-19,Sim,Lei nº 9.148/2016 — Quadro 11A
VC I,ID3-19,Sim,Lei nº 9.148/2016 — Quadro 11A
VA II,ID3-19,Sim,Lei nº 9.148/2016 — Quadro 11A
VA I,ID3-19,Sim,Lei nº 9.148/2016 — Quadro 11A
VE,ID3-19,Sim,Lei nº 9.148/2016 — Quadro 11A
VP,ID3-20,Não,Lei nº 9.148/2016 — Quadro 11A
VL,ID3-20,Não,Lei nº 9.148/2016 — Quadro 11A
VC II,ID3-20,Sim,Lei nº 9.148/2016 — Quadro 11A
VC I,ID3-20,Sim,Lei nº 9.148/2016 — Quadro 11A
VA II,ID3-20,Sim,Lei nº 9.148/2016 — Quadro 11A
VA I,ID3-20,Sim,Lei nº 9.148/2016 — Quadro 11A
VE,ID3-20,Sim,Lei nº 9.148/2016 — Quadro 11A
VP,ID3-21,Não,Lei nº 9.148/2016 — Quadro 11A
VL,ID3-21,Não,Lei nº 9.148/2016 — Quadro 11A
VC II,ID3-21,Sim,Lei nº 9.148/2016 — Quadro 11A
VC I,ID3-21,Sim,Lei nº 9.148/2016 — Quadro 11A
VA II,ID3-21,Sim,Lei nº 9.148/2016 — Quadro 11A
VA I,ID3-21,Sim,Lei nº 9.148/2016 — Quadro 11A
VE,ID3-21,Sim,Lei nº 9.148/2016 — Quadro 11A
