CNAE,Descrição do CNAE,Fator Multiplicador,Risco,Há condicionante?,Condicionante,Pergunta relacionada à condicionante,Pergunta complementar (direcionadora),Autorizado para Escritório Virtual?,Autorizado para MEI?,Macroárea,Exige RT?,Exige PBA?,Documentação específica por CNAE,Base Legal documentação específica por CNAE
1031-7/00,FABRICAÇÃO DE CONSERVAS DE FRUTAS,Não,Baixo,Sim,"Desde que o resultado do exercício da atividade econômica não seja diferente de produto artesanal. Caso seja, será considerado Alto Risco.",O resultado do exercício da atividade econômica será diferente de produto artesanal?,−,Não,Sim,Alimentos,"Sim, caso seja Alto Risco",,,
1032-5/01,FABRICAÇÃO DE CONSERVAS DE PALMITO,Não,Alto,Não,−,−,−,Não,Não,Alimentos,Sim,,,
1032-5/99,"FABRICAÇÃO DE CONSERVAS DE LEGUMES E OUTROS VEGETAIS, EXCETO PALMITO",Não,Baixo,Sim,"Desde que o resultado do exercício da atividade econômica não seja diferente de produto artesanal. Caso seja, será considerado Alto Risco.",O resultado do exercício da atividade econômica será diferente de produto artesanal?,−,Não,Sim,Alimentos,"Sim, caso seja Alto Risco",,,
1043-1/00,FABRICAÇÃO DE MARGARINA E OUTRAS GORDURAS VEGETAIS E DE ÓLEOS NÃO COMESTÍVEIS DE ANIMAL,Não,Médio,Sim,"Desde que o produto fabricado não seja comestível. Caso seja, será considerado Alto Risco.",O produto fabricado será comestível?,−,Não,Não,Alimentos,"Sim, caso seja Alto Risco",,,
1053-8/00,FABRICAÇÃO DE SORVETES E OUTROS GELADOS COMESTÍVEIS,Não,Alto,Não,−,−,−,Não,Não,Alimentos,Sim,,,
1061-9/01,BENEFICIAMENTO DE ARROZ,Não,Médio,Sim,"Desde que o beneficiamento do produto não seja industrial. Caso seja, será considerado Alto Risco.",O beneficiamento do produto será industrial?,−,Não,Não,Alimentos,"Sim, caso seja Alto Risco",,,
1061-9/02,FABRICAÇÃO DE PRODUTOS DO ARROZ,Não,Alto,Não,−,−,−,Não,Sim,Alimentos,Sim,,,
1062-7/00,MOAGEM DE TRIGO E FABRICAÇÃO DE DERIVADOS,Não,Alto,Não,−,−,−,Não,Não,Alimentos,Sim,,,
1063-5/00,FABRICAÇÃO DE FARINHA DE MANDIOCA E DERIVADOS,Não,Médio,Sim,"Desde que o resultado do exercício da atividade econômica não seja diferente de produto artesanal. Caso seja, será considerado Alto Risco.",O resultado do exercício da atividade econômica será diferente de produto artesanal?,−,Não,Sim,Alimentos,"Sim, caso seja Alto Risco",,,
1064-3/00,"FABRICAÇÃO DE FARINHA DE MILHO E DERIVADOS, EXCETO ÓLEO DE MILHO",Não,Médio,Sim,"Desde que o resultado do exercício da atividade econômica não seja diferente de produto artesanal. Caso seja, será considerado Alto Risco.",O resultado do exercício da atividade econômica será diferente de produto artesanal?,−,Não,Sim,Alimentos,"Sim, caso seja Alto Risco",,,
1065-1/01,FABRICAÇÃO DE AMIDOS E FÉCULAS DE VEGETAIS,Não,Médio,Sim,"Desde que o resultado do exercício da atividade econômica não seja diferente de produto artesanal. Caso seja, será considerado Alto Risco.",O resultado do exercício da atividade econômica será diferente de produto artesanal?,−,Não,Sim,Alimentos,"Sim, caso seja Alto Risco",,,
1069-4/00,"MOAGEM E FABRICAÇÃO DE PRODUTOS DE ORIGEM VEGETAL, NÃO ESPECIFICADOS ANTERIORMENTE",Não,Médio,Sim,"Desde que o resultado do exercício da atividade econômica não seja diferente de produto artesanal. Caso seja, será considerado Alto Risco.",O resultado do exercício da atividade econômica será diferente de produto artesanal?,−,Não,Sim,Alimentos,"Sim, caso seja Alto Risco",,,
1071-6/00,FABRICAÇÃO DE AÇÚCAR EM BRUTO,Não,Médio,Sim,"Desde que o resultado do exercício da atividade econômica não seja diferente de produto artesanal. Caso seja, será considerado Alto Risco.",O resultado do exercício da atividade econômica será diferente de produto artesanal?,−,Não,Sim,Alimentos,"Sim, caso seja Alto Risco",,,
1072-4/01,FABRICAÇÃO DE AÇÚCAR DE CANA REFINADO,Não,Alto,Não,−,,−,Não,Não,Alimentos,Sim,,,
1081-3/01,BENEFICIAMENTO DE CAFÉ,Não,Médio,Sim,"Desde que o resultado do exercício da atividade econômica não seja diferente de produto artesanal. Caso seja, será considerado Alto Risco.",O resultado do exercício da atividade econômica será diferente de produto artesanal?,−,Não,Não,Alimentos,"Sim, caso seja Alto Risco",,,
1081-3/02,TORREFAÇÃO E MOAGEM DE CAFÉ,Não,Alto,Não,−,−,−,Não,Não,Alimentos,Sim,,,
1091-1/01,FABRICAÇÃO DE PRODUTOS DE PANIFICAÇÃO INDUSTRIAL,Não,Alto,Não,−,−,−,Não,Sim,Alimentos,Sim,,,
1091-1/02,FABRICAÇÃO DE PRODUTOS DE PADARIA E CONFEITARIA COM PREDOMINÂNCIA DE PRODUÇÃO PRÓPRIA,Não,Baixo,Não,−,−,−,Não,Sim,Alimentos,Não,,,
1092-9/00,FABRICAÇÃO DE BISCOITOS E BOLACHAS,Não,Baixo,Sim,"Desde que o resultado do exercício da atividade econômica não seja diferente de produto artesanal. Caso seja, será considerado Alto Risco.",O resultado do exercício da atividade econômica será diferente de produto artesanal?,−,Não,Sim,Alimentos,"Sim, caso seja Alto Risco",,,
1093-7/01,FABRICAÇÃO DE PRODUTOS DERIVADOS DO CACAU E DE CHOCOLATES,Não,Baixo,Sim,"Desde que o resultado do exercício da atividade econômica não seja diferente de produto artesanal. Caso seja, será considerado Alto Risco.",O resultado do exercício da atividade econômica será diferente de produto artesanal?,−,Não,Sim,Alimentos,"Sim, caso seja Alto Risco",,,
1093-7/02,"FABRICAÇÃO DE FRUTAS CRISTALIZADAS, BALAS E SEMELHANTES",Não,Baixo,Sim,"Desde que o resultado do exercício da atividade econômica não seja diferente de produto artesanal. Caso seja, será considerado Alto Risco.",O resultado do exercício da atividade econômica será diferente de produto artesanal?,−,Não,Sim,Alimentos,"Sim, caso seja Alto Risco",,,
1094-5/00,FABRICAÇÃO DE MASSAS ALIMENTÍCIAS,Não,Baixo,Sim,"Desde que o resultado do exercício da atividade econômica não seja diferente de produto artesanal. Caso seja, será considerado Alto Risco.",O resultado do exercício da atividade econômica será diferente de produto artesanal?,−,Não,Sim,Alimentos,"Sim, caso seja Alto Risco",,,
1095-3/00,"FABRICAÇÃO DE ESPECIARIAS, MOLHOS, TEMPEROS E CONDIMENTOS",Não,Baixo,Sim,"Desde que o resultado do exercício da atividade econômica não seja diferente de especiaria ou condimento desidratado produzido artesanalmente. Caso seja, será considerado Alto Risco.",O resultado da atividade econômica será diferente de especiairia ou condimento desidratado produzido artesanalmente?,−,Não,Sim,Alimentos,"Sim, caso seja Alto Risco",,,
1096-1/00,FABRICAÇÃO DE ALIMENTOS E PRATOS PRONTOS,Não,Baixo,Sim,"Desde que o resultado do exercício da atividade econômica não seja diferente de produto artesanal. Caso seja, será considerado Alto Risco.",O resultado do exercício da atividade econômica será diferente de produto artesanal?,−,Não,Sim,Alimentos,"Sim, caso seja Alto Risco",,,
1099-6/04,FABRICAÇÃO DE GELO COMUM,Não,Baixo,Sim,"Desde que o gelo fabricado não seja para consumo humano e não entre em contato com alimentos e bebidas. Caso seja, será considerado Alto Risco.",O gelo fabricado será para consumo humano ou entrará em contato com alimentos e bebidas?,−,Não,Sim,Alimentos,"Sim, caso seja Alto Risco",,,
1099-6/05,"FABRICAÇÃO DE PRODUTOS PARA INFUSÃO (CHÁ, MATE, ETC.)",Não,Médio,Sim,"Desde que o resultado do exercício da atividade econômica não seja diferente de produto artesanal. Caso seja, será considerado Alto Risco.",O resultado do exercício da atividade econômica será diferente de produto artesanal?,−,Não,Sim,Alimentos,"Sim, caso seja Alto Risco",,,
1099-6/99,FABRICAÇÃO DE OUTROS PRODUTOS ALIMENTÍCIOS NÃO ESPECIFICADOS ANTERIORMENTE,Não,Alto,Não,−,−,−,Não,Sim,Alimentos,Sim,,,
1122-4/03,"FABRICAÇÃO DE REFRESCOS, XAROPES E PÓS PARA REFRESCOS, EXCETO REFRESCOS DE FRUTAS",Não,Médio,Sim,"Desde que o resultado do exercício da atividade econômica não seja diferente de produto artesanal. Caso seja, será considerado Alto Risco.",O resultado do exercício da atividade econômica será diferente de produto artesanal?,−,Não,Sim,Alimentos,"Sim, caso seja Alto Risco",,,
1731-1/00,FABRICAÇÃO DE EMBALAGENS DE PAPEL,Não,Médio,Sim,"Desde que o produto gerado não entre em contato com alimento e não seja usado para embalar produto a ser esterilizado. Caso entre, será considerado Alto risco.",O produto gerado entra em contato com alimento ou é usado para embalar produto a ser esterilizado?,−,Não,Sim,Interesse da saúde,−,,,
1732-0/00,FABRICAÇÃO DE EMBALAGENS DE CARTOLINA E PAPEL CARTÃO,Não,Médio,Sim,"Desde que o produto gerado não entre em contato com alimento ou produto para saúde. Caso entre, será considerado Alto risco.",O produto gerado entra em contato com alimento ou produto para saúde?,−,Não,Sim,Interesse da saúde,−,,,
1733-8/00,FABRICAÇÃO DE CHAPAS E DE EMBALAGENS DE PAPELÃO ONDULADO,Não,Médio,Sim,"Desde que o produto gerado não entre em contato com alimento ou produto para saúde. Caso entre, será considerado Alto risco.",O produto gerado entra em contato com alimento ou produto para saúde?,−,Não,Não,Interesse da saúde,−,,,
2014-2/00,FABRICAÇÃO DE GASES INDUSTRIAIS,Não,Médio,Sim,"Desde que o gás fabricado não seja usado para fim terapêutico. Caso seja, será considerado Alto Risco.",O gás fabricado será usado para fim terapêutico?,−,Não,Não,Interesse da saúde,"Sim, caso seja Alto Risco",,,
2019-3/99,FABRICAÇÃO DE OUTROS PRODUTOS QUÍMICOS INORGÂNICOS NÃO ESPECIFICADOS ANTERIORMENTE,Não,Médio,Sim,"Desde que o resultado do exercício da atividade não seja produto de uso ou aplicação como aditivo de alimentos. Caso seja, será considerado Alto Risco.",O resultado do exercício da atividade será produto de uso ou aplicação como aditivo de alimentos?,−,Não,Não,Interesse da saúde,−,,,
2029-1/00,FABRICAÇÃO DE PRODUTOS QUÍMICOS ORGÂNICOS NÃO ESPECIFICADOS ANTERIORMENTE,Não,Médio,Sim,"Desde que o resultado do exercício da atividade não seja produto de uso ou aplicação como aditivo de alimentos. Caso seja, será considerado Alto Risco.",O resultado do exercício da atividade será produto de uso ou aplicação como aditivo de alimentos?,−,Não,Não,Interesse da saúde,−,,,
2052-5/00,FABRICAÇÃO DE DESINFETANTES DOMISSANITÁRIOS,Não,Alto,Não,−,−,−,Não,Não,Interesse da saúde,Sim,,,
2061-4/00,FABRICAÇÃO DE SABÕES E DETERGENTES SINTÉTICOS,Não,Alto,Não,−,−,−,Não,Não,Interesse da saúde,Sim,,,
2062-2/00,FABRICAÇÃO DE PRODUTOS DE LIMPEZA E POLIMENTO,Não,Alto,Não,−,−,−,Não,Não,Interesse da saúde,Sim,,,
2063-1/00,"FABRICAÇÃO DE COSMÉTICOS, PRODUTOS DE PERFUMARIA E DE HIGIENE PESSOAL",Não,Alto,Não,−,−,−,Não,Não,Interesse da saúde,Sim,,,
2071-1/00,"FABRICAÇÃO DE TINTAS, VERNIZES, ESMALTES E LACAS",Não,Médio,Sim,"Desde que o resultado do exercício da atividade não seja utilizado para o revestimento interno de embalagens que entram em contato com alimentos; e não sejam tintas, vernizes, esmaltes, lacas, pigmentos e/ou corantes que utilizam precursores no processo de síntese química nestes compostos. Caso seja, será considerado Alto risco.","O resultado do exercício da atividade será utilizado para o revestimento interno de embalagens que entram em contato com alimentos e/ou o resultado do exercício da atividade serão tintas, vernizes, esmaltes, lacas, pigmentos e/ou corantes que utilizam precursores no processo de síntese química nestes compostos?",−,Não,Não,Interesse da saúde,−,,,
2091-6/00,FABRICAÇÃO DE ADESIVOS E SELANTES,Não,Médio,Sim,"Desde que o resultado do exercício da atividade não seja utilizado para o revestimento interno de embalagens que entram em contato com alimentos; e não sejam, adesivos, colas, decalques e selantes para uso industrial e doméstico de origem animal, vegetal e sintética que utilizam precursores no processo de síntese química destes compostos. Caso seja, será considerado Alto risco.","O resultado do exercício da atividade será utilizado para o revestimento interno de embalagens que entram em contato com alimentos e/ou  resultado do exercício da atividade serão adesivos, colas, decalques e selantes para uso industrial e doméstico de origem animal, vegetal e sintética que utilizam precursores no processo de síntese química destes compostos?",−,Não,Não,Interesse da saúde,−,,,
2093-2/00,"FABRICAÇÃO DE ADITIVOS DE USO INDUSTRIAL (Desde que o resultado do exercício da atividade não seja aditivo alimentar ou insumo farmacêutico, para cosméticos, perfumes e produto de higiene ou para indústria de produto para saúde ou saneantes)",Não,Médio,Sim,"Caso o resultado do exercício da atividade seja aditivo alimentar ou insumo farmacêutico, para cosméticos, perfumes e produto de higiene ou para indústria de produto para saúde ou saneantes, seu licenciamento será de competência da vigilância estadual.",−,−,Não,Não,Interesse da saúde,Não,,,
2219-6/00,FABRICAÇÃO DE ARTEFATOS DE BORRACHA NÃO ESPECIFICADOS ANTERIORMENTE,Não,Médio,Sim,"Desde que não haja a fabricação de preservativos ou de luvas para procedimentos médicos, odontológicos ou hospitalares. Caso seja, será Caso seja, será considerado Alto Risco.","Haverá a fabricação de preservativos ou de luvas para procedimentos médicos, odontológicos ou hospitalares?",−,Não,Sim,Interesse da saúde,"Sim, caso seja Alto Risco",,,
2222-6/00,FABRICAÇÃO DE EMBALAGEM DE MATERIAL PLÁSTICO,Não,Médio,Sim,"Desde que o resultado do exercício da atividade não seja embalagem de material plástico que entra em contato com alimento e/ou para diagnóstico de uso in vitro ou produto não estéril indicado para apoio a procedimentos de saúde. Caso seja, será considerado Alto risco.",O resultado do exercício da atividade será embalagem de material plástico que entra em contato com alimento e/ou para diagnóstico de uso in vitro ou produto não estéril indicado para apoio a procedimentos de saúde?,−,Não,Não,Interesse da saúde,−,,,
2312-5/00,FABRICAÇÃO DE EMBALAGENS DE VIDRO,Não,Médio,Sim,"Desde que não haja a fabricação de embalagens de vidro que entram em contato com alimento. Caso haja, será considerado Alto risco.",Haverá a fabricação de embalagens de vidro que entram em contato com alimento?,−,Não,Não,Interesse da saúde,−,,,
2341-9/00,FABRICAÇÃO DE PRODUTOS CERÂMICOS REFRATÁRIOS,Não,Médio,Sim,"Desde que não haja a fabricação de produtos refratários utilizados como embalagem que entre em contato com alimento. Caso seja, haja considerado Alto risco.",Haverá a fabricação de produtos refratários utilizados como embalagem que entre em contato com alimento?,−,Não,Não,Interesse da saúde,−,,,
2349-4/99,FABRICAÇAO DE PRODUTOS CERÂMICOS NÃO REFRATÁRIOS NÃO ESPECIFICADOS ANTERIORMENTE,Não,Médio,Sim,"Desde que não haja a fabricação de produtos cerâmicos não refratários utilizados como embalagem que entram em contato com alimento.  Caso haja, será considerado Alto risco.",Haverá a fabricação de produtos cerâmicos não refratários utilizados como embalagem que entrem em contato com alimento?,−,Não,Sim,Interesse da saúde,−,,,
2591-8/00,FABRICAÇÃO DE EMBALAGENS METÁLICAS,Não,Médio,Sim,"Desde que não haja a fabricação de embalagens metálicas que entram em contato com alimento. Caso haja, será considerado Alto risco.",Haverá a fabricação de embalagens metálicas que entrem em contato com alimento?,−,Não,Não,Interesse da saúde,−,,,
2829-1/99,"FABRICAÇÃO DE OUTRAS MÁQUINAS E EQUIPAMENTOS DE USO GERAL NÃO ESPECIFICADOS ANTERIORMENTE, PEÇAS E ACESSÓRIOS",Não,Médio,Sim,"Desde que não haja a fabricação de aparelhos, equipamentos/acessórios de aplicação em serviços de saúde e estética. Caso haja, será considerado Alto risco.","Haverá a fabricação de aparelhos, equipamentos/acessórios de aplicação em serviços de saúde e estética?",−,Não,Não,Interesse da saúde,"Sim, caso seja Alto Risco",,,
3092-0/00,"FABRICAÇÃO DE BICICLETAS E TRICICLOS NÃO MOTORIZADOS, PEÇAS E ACESSÓRIOS",Não,Médio,Sim,"Desde que não haja a fabricação de triciclos não-motorizados, peças e acessórios que sejam utilizados como produtos para saúde. Caso haja, será considerado Alto risco.","Haverá a fabricação de triciclos não-motorizados, peças e acessórios que sejam utilizados como produtos para saúde?",−,Não,Não,Interesse da saúde,"Sim, caso seja Alto Risco",,,
3250-7/03,FABRICAÇÃO DE APARELHOS E UTENSÍLIOS PARA CORREÇÃO DE DEFEITOS FÍSICOS E APARELHOS ORTOPÉDICOS EM GERAL SOB ENCOMENDA,Não,Alto,Não,−,−,−,Não,Não,Interesse da saúde,Sim,,,
3250-7/03,FABRICAÇÃO DE APARELHOS E UTENSÍLIOS PARA CORREÇÃO DE DEFEITOS FÍSICOS E APARELHOS ORTOPÉDICOS EM GERAL SOB ENCOMENDA: LABORATÓRIO/OFICINA DE PRÓTESE AUDITIVA,Não,Alto,Não,−,−,−,Não,Não,Interesse da saúde,Sim,,,
3250-7/03,FABRICAÇÃO DE APARELHOS E UTENSÍLIOS PARA CORREÇÃO DE DEFEITOS FÍSICOS E APARELHOS ORTOPÉDICOS EM GERAL SOB ENCOMENDA: LABORATÓRIO/OFICINA ÓRTESE E PRÓTESE,Não,Alto,Não,−,−,−,Não,Não,Interesse da saúde,Sim,,,
3250-7/06,SERVIÇOS DE PRÓTESE DENTÁRIA,Não,Baixo,Não,−,−,−,Sim,Não,Serviços de saúde,Não,,,
3250-7/07,FABRICAÇÃO DE ARTIGOS ÓPTICOS,Não,Baixo,Sim,"Desde que não haja fabricação de produto para saúde. Caso haja, será considerado Alto risco.",Haverá a fabricação de produto para saúde?,−,Não,Não,Interesse da saúde,"Sim, caso seja Alto Risco",,,
3250-7/09,SERVIÇOS DE LABORATÓRIOS ÓPTICOS,Não,Alto,Não,−,−,−,Não,Não,Serviços de saúde,Sim,,,
3291-4/00,"FABRICAÇÃO DE ESCOVAS, PINCÉIS E VASSOURAS",Não,Baixo,Sim,"Desde que não haja no exercício da atividade a fabricação de escova dental. Caso haja, será considerado Alto risco.",Haverá no exercício da atividade a fabricação de escova dental?,−,Não,Sim,Interesse da saúde,"Sim, caso seja Alto Risco",,,
3292-2/02,FABRICAÇÃO DE EQUIPAMENTOS E ACESSÓRIOS PARA SEGURANÇA PESSOAL E PROFISSIONAL,Não,Médio,Sim,"Desde que não haja no exercício da atividade a fabricação de artefatos de tecido não tecido para uso odonto- médico-hospitalar. Caso haja, será considerado Alto risco.",Haverá no exercício da atividade a fabricação de artefatos de tecido não tecido para uso odonto- médico-hospitalar?,−,Não,Sim,Interesse da saúde,"Sim, caso seja Alto Risco",,,
3299-0/06,"FABRICAÇÃO DE VELAS, INCLUSIVE DECORATIVAS",Não,Baixo,Sim,"Desde que não haja no exercício da atividade a fabricação de velas, sebo e/ou estearina utilizadas como cosmético ou saneante. Caso haja, será considerado Alto risco.","Haverá no exercício da atividade a fabricação de velas, sebo e/ou estearina utilizadas como cosmético ou saneante?",−,Não,Sim,Interesse da saúde,"Sim, caso seja Alto Risco",,,
3600-6/02,DISTRIBUIÇÃO DE ÁGUA POR CAMINHÕES,Não,Alto,Não,−,−,−,Não,Sim,Interesse da saúde,Sim,,,
3702-9/00,"ATIVIDADES RELACIONADAS A ESGOTO, EXECETO A GESTÃO DE REDES",Não,Médio,Não,−,−,−,Sim,Sim,Interesse da saúde,Sim,,,
3811-4/00,COLETA DE RESÍDUOS NÃO PERIGOSOS,Não,Médio,Não,−,−,−,Não,Sim,Interesse da saúde,Não,,,
3812-2/00,COLETA DE RESÍDUOS PERIGOSOS,Não,Médio,Não,−,−,−,Não,Não,Interesse da saúde,Não,,,
3821-1/00,TRATAMENTO E DISPOSIÇÃO DE RESÍDUOS NÃO PERIGOSOS,Não,Médio,Não,−,−,−,Não,Não,Interesse da saúde,Não,,,
3822-0/00,TRATAMENTO E DISPOSIÇÃO DE RESÍDUOS PERIGOSOS,Não,Médio,Não,−,−,−,Não,Não,Interesse da saúde,Não,,,
4617-6/00,"REPRESENTANTES COMERCIAIS E AGENTES DO COMÉRCIO DE PRODUTOS ALIMENTÍCIOS, BEBIDAS E FUMO",Não,Baixo,Não,−,−,−,Sim,Não,Alimentos,Não,,,
4618-4/01,"REPRESENTANTES COMERCIAIS E AGENTES DO COMÉRCIO DE MEDICAMENTOS, COSMÉTICOS E PRODUTOS DE PERFUMARIA",Não,Baixo,Não,−,−,−,Sim,Não,Interesse da saúde,Não,,,
4618-4/02,REPRESENTANTES COMERCIAIS E AGENTES DO COMÉRCIO DE INSTRUMENTOS E MATERIAIS ODONTO MÉDICO HOSPITALARES,Não,Baixo,Não,−,−,−,Sim,Não,Interesse da saúde,Não,,,
4618-4/99,OUTROS REPRESENTANTES COMERCIAIS E AGENTES DO COMÉRCIO ESPECIALIZADO EM PRODUTOS NÃO ESPECIFICADOS ANTERIORMENTE,Não,Baixo,Não,−,−,−,Sim,Não,Interesse da saúde,Não,,,
4619-2/00,REPRESENTANTES COMERCIAIS E AGENTES DO COMÉRCIO DE MERCADORIAS EM GERAL NÃO ESPECIALIZADO,Não,Baixo,Não,−,−,−,Sim,Não,Interesse da saúde,Não,,,
4621-4/00,COMÉRCIO ATACADISTA DE CAFÉ EM GRÃO,Não,Médio,Não,−,−,Realiza importação e/ou exportação do produto?,Não,Não,Alimentos,Não,,,
4622-2/00,COMÉRCIO ATACADISTA DE SOJA,Não,Médio,Não,−,−,Realiza importação e/ou exportação do produto?,Não,Não,Alimentos,Não,,,
4623-1/05,COMÉRCIO ATACADISTA DE CACAU,Não,Médio,Não,−,−,Realiza importação e/ou exportação do produto?,Não,Não,Alimentos,Não,,,
4631-1/00,COMÉRCIO ATACADISTA DE LEITE E LATICÍNIOS,Não,Médio,Não,−,−,Realiza importação e/ou exportação do produto?,Não,Não,Alimentos,Não,,,
4632-0/01,COMÉRCIO ATACADISTA DE CEREAIS E LEGUMINOSAS BENEFICIADAS,Não,Médio,Não,−,−,Realiza importação e/ou exportação do produto?,Não,Não,Alimentos,Não,,,
4632-0/02,"COMÉRCIO ATACADISTA DE FARINHAS, AMIDOS E FÉCULAS",Não,Médio,Não,−,−,Realiza importação e/ou exportação do produto?,Não,Não,Alimentos,Não,,,
4632-0/03,"COMÉRCIO ATACADISTA DE CEREAIS E LEGUMINOSAS BENEFICIADAS, FARINHAS, AMIDOS E FÉCULA, COM ATIVIDADE DE FRACIONAMENTO E ACONDICIONAMENTO ASSOCIADA",Não,Médio,Sim,"Desde que não haja no exercício da atividade a realização de fracionamento, acondicionamento, embalagem e/ou rotulagem, consideradas etapas do processo produtivo. Caso haja, será considerado Alto risco.","Haverá no exercício da atividade a realização de fracionamento, acondicionamento, embalagem e/ou rotulagem, consideradas etapas do processo produtivo?",Realiza importação e/ou exportação do produto?,Não,Não,Alimentos,Não,,,
4633-8/01,"COMÉRCIO ATACADISTA DE FRUTAS, VERDURAS, RAÍZES, TUBÉRCULOS, HORTALIÇAS E LEGUMES FRESCOS",Não,Médio,Não,−,−,Realiza importação e/ou exportação do produto?,Não,Não,Alimentos,Não,,,
4633-8/02,COMÉRCIO ATACADISTA DE AVES VIVAS E OVOS,Não,Médio,Não,−,−,Realiza importação e/ou exportação do produto?,Não,Não,Alimentos,Não,,,
4634-6/01,COMÉRCIO ATACADISTA DE CARNES BOVINAS E SUÍNAS E DERIVADOS,Não,Médio,Não,−,−,Realiza importação e/ou exportação do produto?,Não,Não,Alimentos,Não,,,
4634-6/02,COMÉRCIO ATACADISTA DE AVES ABATIDAS E DERIVADOS,Não,Médio,Não,−,−,Realiza importação e/ou exportação do produto?,Não,Não,Alimentos,Não,,,
4634-6/03,COMÉRCIO ATACADISTA DE PESCADOS E FRUTOS DO MAR,Não,Médio,Não,−,−,Realiza importação e/ou exportação do produto?,Não,Não,Alimentos,Não,,,
4634-6/99,COMÉRCIO ATACADISTA DE CARNES E DERIVADOS DE OUTROS ANIMAIS,Não,Médio,Não,−,−,Realiza importação e/ou exportação do produto?,Não,Não,Alimentos,Não,,,
4635-4/01,COMÉRCIO ATACADISTA DE ÁGUA MINERAL,Não,Baixo,Não,−,−,Realiza importação e/ou exportação do produto?,Não,Não,Alimentos,Não,,,
4635-4/02,"COMÉRCIO ATACADISTA DE CERVEJA, CHOPE E REFRIGERANTE",Não,Baixo,Não,−,−,Realiza importação e/ou exportação do produto?,Não,Não,Alimentos,Não,,,
4635-4/03,COMÉRCIO ATACADISTA DE BEBIDAS COM ATIVIDADE DE FRACIONAMENTO E ACONDICIONAMENTO ASSOCIADA,Não,Médio,Sim,"Desde que não haja a realização de atividade de engarrafamento e/ou rotulagem, consideradas etapas do processo produtivo, de água mineral. Caso haja, será considerado Alto Risco.","Haverá a realização de atividade de engarrafamento e/ou rotulagem, consideradas etapas do processo produtivo, de água mineral?",−,Não,Não,Alimentos,Não,,,
4635-4/99,COMÉRCIO ATACADISTA DE BEBIDAS NÃO ESPECIFICADAS ANTERIORMENTE,Não,Médio,Não,−,−,Realiza importação e/ou exportação do produto?,Não,Não,Alimentos,Não,,,
4637-1/01,"COMÉRCIO ATACADISTA DE CAFÉ TORRADO, MOÍDO E SOLÚVEL",Não,Médio,Não,−,−,Realiza importação e/ou exportação do produto?,Não,Não,Alimentos,Não,,,
4637-1/02,COMÉRCIO ATACADISTA DE AÇÚCAR,Não,Médio,Não,−,−,Realiza importação e/ou exportação do produto?,Não,Não,Alimentos,Não,,,
4637-1/03,COMÉRCIO ATACADISTA DE ÓLEOS E GORDURAS,Não,Médio,Não,−,−,Realiza importação e/ou exportação do produto?,Não,Não,Alimentos,Não,,,
4637-1/04,"COMÉRCIO ATACADISTA DE PÃES, BOLOS, BISCOITOS E SIMILARES",Não,Baixo,Não,−,−,Realiza importação e/ou exportação do produto?,Não,Não,Alimentos,Não,,,
4637-1/05,COMÉRCIO ATACADISTA DE MASSAS ALIMENTÍCIAS,Não,Médio,Não,−,−,Realiza importação e/ou exportação do produto?,Não,Não,Alimentos,Não,,,
4637-1/06,COMÉRCIO ATACADISTA DE SORVETES,Não,Médio,Não,−,−,Realiza importação e/ou exportação do produto?,Não,Não,Alimentos,Não,,,
4637-1/07,"COMÉRCIO ATACADISTA DE CHOCOLATES, CONFEITOS, BALAS, BOMBONS E SEMELHANTES",Não,Baixo,Não,−,−,-,Não,Não,Alimentos,Não,,,
4637-1/99,COMÉRCIO ATACADISTA ESPECIALIZADO EM OUTROS PRODUTOS ALIMENTÍCIOS NÃO ESPECIFICADOS ANTERIORMENTE,Não,Médio,Não,−,−,Realiza importação e/ou exportação do produto?,Não,Não,Alimentos,Não,,,
4639-7/01,COMÉRCIO ATACADISTA DE PRODUTOS ALIMENTÍCIOS EM GERAL,Não,Médio,Não,−,−,Realiza importação e/ou exportação do produto?,Não,Não,Alimentos,Não,,,
4639-7/02,"COMÉRCIO ATACADISTA DE PRODUTOS ALIMENTÍCIOS EM GERAL, COM ATIVIDADE DE FRACIONAMENTO E ACONDICIONAMENTO ASSOCIADA",Não,Alto,Não,−,−,Realiza importação e/ou exportação do produto?,Não,Não,Alimentos,Não,,,
4644-3/01,COMÉRCIO ATACADISTA DE MEDICAMENTOS E DROGAS DE USO HUMANO,Não,Alto,Não,−,−,"Possui armazenamento de produtos?
Realiza importação e/ou exportação de produto?               
Comercializa ou transporta medicamentos sujeitos à Portaria Federal n° 344/98?",Não,Não,Medicamentos,Sim,,,
4645-1/01,"COMÉRCIO ATACADISTA DE INSTRUMENTOS E MATERIAIS PARA USO MÉDICO, CIRÚRGICO, HOSPITALAR E DE LABORATÓRIOS",Não,Alto,Não,−,−,Realiza importação e/ou exportação do produto?,Não,Não,Interesse da saúde,Sim,,,
4645-1/02,COMÉRCIO ATACADISTA DE PRÓTESES E ARTIGOS DE ORTOPEDIA,Não,Alto,Não,−,−,Realiza importação e/ou exportação do produto?,Não,Não,Interesse da saúde,Sim,,,
4645-1/03,COMÉRCIO ATACADISTA DE PRODUTOS ODONTOLÓGICOS,Não,Alto,Não,−,−,Realiza importação e/ou exportação do produto?,Não,Não,Interesse da saúde,Sim,,,
4646-0/01,COMÉRCIO ATACADISTA DE COSMÉTICOS E PRODUTOS DE PERFUMARIA,Não,Alto,Não,−,−,Realiza importação e/ou exportação do produto?,Não,Não,Interesse da saúde,Sim,,,
4646-0/02,COMÉRCIO ATACADISTA DE PRODUTOS DE HIGIENE PESSOAL,Não,Alto,Não,−,−,Realiza importação e/ou exportação do produto?,Não,Não,Interesse da saúde,Sim,,,
4649-4/08,"COMÉRCIO ATACADISTA DE PRODUTOS DE HIGIENE, LIMPEZA E CONSERVAÇÃO DOMICILIAR",Não,Alto,Não,−,−,"Realiza importação e/ou exportação do produto?
Realiza o fracionamento de produtos?",Não,Não,Interesse da saúde,Sim,,,
4649-4/09,"COMÉRCIO ATACADISTA DE PRODUTOS DE HIGIENE, LIMPEZA E CONSERVAÇÃO DOMICILIAR, COM ATIVIDADE DE FRACIONAMENTO E ACONDICIONAMENTO ASSOCIADA",Não,Alto,Não,−,−,Realiza importação e/ou exportação do produto?,Não,Não,Interesse da saúde,Sim,,,
4649-4/99,COMÉRCIO ATACADISTA DE OUTROS EQUIPAMENTOS E ARTIGOS DE USO PESSOAL E DOMÉSTICO NÃO ESPECIFICADOS ANTERIORMENTE,Não,Médio,Não,−,−,−,Não,Não,Interesse da saúde,Não,,,
4664-8/00,"COMÉRCIO ATACADISTA DE MÁQUINAS, APARELHOS E EQUIPAMENTOS PARA USO ODONTO MÉDICO HOSPITALAR; PARTES E PEÇAS",Não,Médio,Sim,"Desde que o resultado do exercício da atividade não compreenda a comercialização de produtos para a saúde. Caso seja, será considerado Alto Risco.",O resultado do exercício da atividade compreenda a comercialização de produtos para a saúde?,−,Não,Não,Interesse da saúde,"Sim, caso seja Alto Risco",,,
4686-9/02,COMÉRCIO ATACADISTA DE EMBALAGENS,Não,Baixo,Não,−,−,−,Não,Não,Interesse da saúde,Não,,,
4687-7/01,COMÉRCIO ATACADISTA DE RESÍDUOS DE PAPEL E PAPELÃO,Não,Baixo,Não,−,−,−,Não,Não,Interesse da saúde,Não,,,
4687-7/02,"COMÉRCIO ATACADISTA DE RESÍDUOS E SUCATAS NÃO METÁLICOS, EXCETO DE PAPEL E PAPELÃO",Não,Baixo,Não,−,−,−,Não,Não,Interesse da saúde,Não,,,
4687-7/03,COMÉRCIO ATACADISTA DE RESÍDUOS E SUCATAS METÁLICOS,Não,Baixo,Não,−,−,−,Não,Não,Interesse da saúde,Não,,,
4691-5/00,"COMÉRCIO ATACADISTA DE MERCADORIAS EM GERAL, COM PREDOMINÂNCIA DE PRODUTOS ALIMENTÍCIOS",Não,Baixo,Não,−,−,"Realiza importação e/ou exportação do produto?
Realiza o fracionamento de produtos?",Não,Não,Alimentos,Não,,,
4711-3/01,"COMÉRCIO VAREJISTA DE MERCADORIAS EM GERAL, COM PREDOMINÂNCIA DE PRODUTOS ALIMENTÍCIOS - HIPERMERCADOS",Não,Médio,Não,−,−,−,Não,Não,Alimentos,Não,,,
4711-3/02,"COMÉRCIO VAREJISTA DE MERCADORIAS EM GERAL, COM PREDOMINÂNCIA DE PRODUTOS ALIMENTÍCIOS - SUPERMERCADOS",Não,Médio,Não,−,−,−,Não,Não,Alimentos,Não,,,
4712-1/00,"COMÉRCIO VAREJISTA DE MERCADORIAS EM GERAL, COM PREDOMINÂNCIA DE PRODUTOS ALIMENTÍCIOS - MINIMERCADOS, MERCEARIAS E ARMAZENS",Não,Baixo,Não,−,−,−,Não,Sim,Alimentos,Não,,,
4721-1/02,PADARIA E CONFEITARIA COM PREDOMINÂNCIA DE REVENDA,Não,Baixo,Não,−,−,−,Não,Sim,Alimentos,Não,,,
4721-1/03,COMÉRCIO VAREJISTA DE LATICÍNIOS E FRIOS,Não,Médio,Não,−,−,−,Não,Sim,Alimentos,Não,,,
4721-1/04,"COMÉRCIO VAREJISTA DE DOCES, BALAS, BOMBONS E SEMELHANTES",Não,Baixo,Não,−,−,−,Não,Sim,Alimentos,Não,,,
4722-9/01,COMÉRCIO VAREJISTA DE CARNES - AÇOUGUES,Não,Baixo,Não,−,−,−,Não,Sim,Alimentos,Não,,,
4722-9/02,PEIXARIA,Não,Médio,Não,−,−,−,Não,Sim,Alimentos,Não,,,
4723-7/00,COMÉRCIO VAREJISTA DE BEBIDAS,Não,Baixo,Não,−,−,−,Não,Sim,Alimentos,Não,,,
4724-5/00,COMÉRCIO VAREJISTA DE HORTIFRUTIGRANJEIROS,Não,Médio,Não,−,−,−,Não,Sim,Alimentos,Não,,,
4729-6/01,TABACARIA,Não,Médio,Não,−,−,−,Não,Sim,Interesse da saúde,Não,,,
4729-6/02,COMÉRCIO VAREJISTA DE MERCADORIAS EM LOJAS DE CONVENIÊNCIA,Não,Baixo,Não,−,−,−,Não,Não,Alimentos,Não,,,
4729-6/99,"COMÉRCIO VAREJISTA DE PRODUTOS ALIMENTÍCIOS EM GERAL, OU ESPECIALIZADO EM PRODUTOS ALIMENTÍCIOS NÃO ESPECIFICADOS ANTERIORMENTE: CASA DE PRODUTOS NATURAIS/SUPLEMENTOS ALIMENTARES",Não,Baixo,Não,−,−,−,Não,Sim,Alimentos,Não,,,
4729-6/99,"COMÉRCIO VAREJISTA DE PRODUTOS ALIMENTÍCIOS EM GERAL, OU ESPECIALIZADO EM PRODUTOS ALIMENTÍCIOS NÃO ESPECIFICADOS ANTERIORMENTE: DELICATESSEN",Não,Baixo,Não,−,−,−,Não,Sim,Alimentos,Não,,,
4729-6/99,"COMÉRCIO VAREJISTA DE PRODUTOS ALIMENTÍCIOS EM GERAL, OU ESPECIALIZADO EM PRODUTOS ALIMENTÍCIOS NÃO ESPECIFICADOS ANTERIORMENTE: PRODUTOS CONGELADOS",Não,Baixo,Não,−,−,−,Não,Sim,Alimentos,Não,,,
4771-7/01,"COMÉRCIO VAREJISTA DE PRODUTOS FARMACÊUTICOS, SEM MANIPULAÇÃO DE FÓRMULAS",Não,Alto,Não,−,−,Comercializa ou transporta medicamentos sujeitos à Portaria Federal n° 344/98?,Não,Não,Medicamentos,Sim,,,
4771-7/02,"COMÉRCIO VAREJISTA DE PRODUTOS FARMACÊUTICOS, COM MANIPULAÇÃO DE FÓRMULAS",Não,Alto,Não,−,−,Comercializa ou transporta medicamentos sujeitos à Portaria Federal n° 344/98?,Não,Não,Medicamentos,Sim,,,
4771/7/03,COMÉRCIO VAREJISTA DE PRODUTOS FARMACÊUTICOS HOMEOPÁTICOS,Não,Alto,Não,−,−,Comercializa ou transporta medicamentos sujeitos à Portaria Federal n° 344/98?,Não,Não,Medicamentos,Sim,,,
4772-5/00,"COMÉRCIO VAREJISTA DE COSMÉTICOS, PRODUTOS DE PERFUMARIA E DE HIGIENE PESSOAL",Não,Baixo,Não,−,−,Realiza o fracionamento de produtos?,Não,Sim,Interesse da saúde,"Sim, caso haja fracionamento de produtos",,,
4773-3/00,COMÉRCIO VAREJISTA DE ARTIGOS MÉDICOS E ORTOPÉDICOS,Não,Baixo,Não,−,−,"Serão comercializados APENAS produtos DE USO PESSOAL que não dependam de assistência profissional para sua utilização (uso leigo), conforme especificação definida no registro ou cadastro do produto junto à ANVISA?",Não,Sim,Interesse da saúde,"Sim, caso haja produtos de uso não leigo",,,
4774-1/00,COMÉRCIO VAREJISTA DE ARTIGOS DE ÓPTICA,Não,Baixo,Não,−,−,Comercializa ou fabrica lentes de grau?,Não,Sim,Interesse da saúde,Sim,,,
4789-0/05,COMÉRCIO VAREJISTA DE PRODUTOS SANEANTES DOMISSANITÁRIOS,Não,Médio,Não,−,−,−,Não,Sim,Interesse da saúde,"Sim, caso haja fracionamento de produtos",,,
4789-0/99,COMÉRCIO VAREJISTA DE OUTROS PRODUTOS NÃO ESPECIFICADOS ANTERIORMENTE,Não,Médio,Não,−,−,−,Não,Sim,Interesse da saúde,Não,,,
4930-2/01,"TRANSPORTE RODOVIÁRIO DE CARGAS - EXCETO PRODUTOS PERIGOSOS E MUDANÇAS, MUNICIPAL: TRANSPORTADORA DE ALIMENTOS E/OU PRODUTOS ALIMENTÍCIOS",Não,Médio,Sim,"Desde que não haja no exercício da atividade o transporte e/ou armazenamento de medicamento, cosmético, perfume, produto de higiene, saneante, produto para saúde, sangue, produtos que necessitam de condições especiais de temperatura e umidade. Caso haja, será considerado Alto Risco.",Haverá no exercício da atividade o transporte e/ou armazenamento de  produtos que necessitam de condições especiais de temperatura e umidade?,−,Sim,Sim,Alimentos,Não,,,
4930-2/01,"TRANSPORTE RODOVIÁRIO DE CARGAS - EXCETO PRODUTOS PERIGOSOS E MUDANÇAS, MUNICIPAL: TRANSPORTADORA DE PRODUTOS DE INTERESSE DA SAÚDE",Não,Médio,Sim,"Desde que não haja no exercício da atividade o transporte e/ou armazenamento de medicamento, cosmético, perfume, produto de higiene, saneante, produto para saúde, sangue, produtos que necessitam de condições especiais de temperatura e umidade. Caso haja, será considerado Alto Risco.","Haverá no exercício da atividade o transporte e/ou armazenamento de medicamento, cosmético, perfume, produto de higiene, saneante, produto para saúde, sangue, produtos que necessitam de condições especiais de temperatura e umidade e/ou será realizado o transporte de medicamentos?","Realiza o transporte de medicamentos?
Transporta medicamentos sujeitos à Portaria Federal n° 344/98?",Sim,Sim,Interesse da saúde,"Sim, caso seja Alto Risco",,,
4930-2/02,"TRANSPORTE RODOVIÁRIO DE CARGAS - EXCETO PRODUTOS PERIGOSOS E MUDANÇAS - INTERMUNICIPAL, INTERESTADUAL E INTERNACIONAL: TRANSPORTADORA DE ALIMENTOS E/OU PRODUTOS ALIMENTÍCIOS",Não,Médio,Sim,"Desde que não haja no exercício da atividade o transporte e/ou armazenamento de medicamento, cosmético, perfume, produto de higiene, saneante, produto para saúde, sangue, produtos que necessitam de condições especiais de temperatura e umidade. Caso haja, será considerado Alto Risco.",Haverá no exercício da atividade o transporte e/ou armazenamento de  produtos que necessitam de condições especiais de temperatura e umidade?,−,Sim,Sim,Alimentos,Não,,,
4930-2/02,"TRANSPORTE RODOVIÁRIO DE CARGAS - EXCETO PRODUTOS PERIGOSOS E MUDANÇAS - INTERMUNICIPAL, INTERESTADUAL E INTERNACIONAL: TRANSPORTADORA DE PRODUTOS DE INTERESSE DA SAÚDE",Não,Médio,Sim,"Desde que não haja no exercício da atividade o transporte e/ou armazenamento de medicamento, cosmético, perfume, produto de higiene, saneante, produto para saúde, sangue, produtos que necessitam de condições especiais de temperatura e umidade. Caso haja, será considerado Alto Risco.","Haverá no exercício da atividade o transporte e/ou armazenamento de medicamento, cosmético, perfume, produto de higiene, saneante, produto para saúde, sangue, produtos que necessitam de condições especiais de temperatura e umidade e/ou será realizado o transporte de medicamentos? Caso sim, será Alto Risco.","Realiza o transporte de medicamentos?
Serão transportados medicamentos sujeitos à Portaria Federal n° 344/1998?",Sim,Sim,Interesse da saúde,"Sim, caso seja Alto Risco",,,
5211-7/01,ARMAZÉNS GERAIS - EMISSÃO DE WARRANTS,Não,Médio,Sim,"Desde que não haja, no exercício da atividade, o armazenamento de medicamento, cosmético, perfume, produto de higiene, saneante, produto para saúde, sangue e/ou produtos que necessitem de condições especiais de temperatura e umidade. Caso haja, será considerado Alto Risco.","Haverá, no exercício da atividade, o armazenamento de medicamento, cosmético, perfume, produto de higiene, saneante, produto para saúde, sangue e/ou produtos que necessitem de condições especiais de temperatura e umidade?",−,Não,NÃO,Interesse da saúde,"Sim, caso seja Alto Risco",,,
5211-7/99,DEPÓSITO DE MERCADORIAS PARA TERCEIROS - EXCETO ARMAZÉNS GERAIS E GUARDA-MÓVEIS,Não,Médio,Sim,"Desde que não haja, no exercício da atividade, o armazenamento de medicamento, cosmético, perfume, produto de higiene, saneante, produto para saúde, sangue e/ou produtos que necessitem de condições especiais de temperatura e umidade. Caso haja, será considerado Alto Risco.","Haverá, no exercício da atividade, o armazenamento de medicamento, cosmético, perfume, produto de higiene, saneante, produto para saúde, sangue e/ou produtos que necessitem de condições especiais de temperatura e umidade?",−,Não,NÃO,Interesse da saúde,"Sim, caso seja Alto Risco",,,
5222-2/00,TERMINAIS RODOVIÁRIOS E FERROVIÁRIOS,Não,Médio,Não,−,−,−,Não,NÃO,Interesse da saúde,Não,,,
5320-2/02,SERVIÇOS DE ENTREGA RÁPIDA,Não,Médio,Não,−,−,−,Não,Sim,Interesse da saúde,Não,,,
5510-8/01,HOTÉIS/POUSADA (POR CÔMODO),Sim,Médio,Não,−,−,−,Não,Não,Interesse da saúde,Não,,,
5510-8/02,APART HOTÉIS (POR CÔMODO),Sim,Médio,Não,−,−,−,Não,Não,Interesse da saúde,Não,,,
5510-8/03,MOTÉIS (POR CÔMODO),Sim,Médio,Não,−,−,−,Não,Não,Interesse da saúde,Não,,,
5590-6/01,"ALBERGUES, EXCETO ASSISTENCIAIS (POR CÔMODO)",Sim,Baixo,Não,−,−,−,Não,Sim,Interesse da saúde,Não,,,
5590-6/02,CAMPINGS,Não,Baixo,Não,−,−,−,Não,Sim,Interesse da saúde,Não,,,
5590-6/03,PENSÕES (POR CÔMODO),Sim,Baixo,Não,−,−,−,Não,Sim,Interesse da saúde,Não,,,
5590-6/99,OUTROS ALOJAMENTOS NÃO ESPECIFICADOS ANTERIORMENTE (POR CÔMODO),Sim,Médio,Não,−,−,−,Não,Sim,Interesse da saúde,Não,,,
5611-2/01,RESTAURANTES E SIMILARES: CHURRASCARIA,Não,Médio,Não,−,−,−,Não,Sim,Alimentos,Não,,,
5611-2/01,RESTAURANTES E SIMILARES: PIZZARIA CONSUMO LOCAL,Não,Médio,Não,−,−,−,Não,Sim,Alimentos,Não,,,
5611-2/01,RESTAURANTES E SIMILARES: RESTAURANTE/REFEITÓRIO,Não,Médio,Não,−,−,−,Não,Sim,Alimentos,Não,,,
5611-2/01,RESTAURANTES E SIMILARES: ROTISSERIA,Não,Médio,Não,−,−,−,Não,Sim,Alimentos,Não,,,
5611-2/03,"LANCHONETES, CASAS DE CHÁ, DE SUCOS E SIMILARES: CAFETERIA",Não,Baixo,Não,−,−,−,Não,Sim,Alimentos,Não,,,
5611-2/03,"LANCHONETES, CASAS DE CHÁ, DE SUCOS E SIMILARES: LANCHONETE",Não,Baixo,Não,−,−,−,Não,Sim,Alimentos,Não,,,
5611-2/03,"LANCHONETES, CASAS DE CHÁ, DE SUCOS E SIMILARES: PASTELARIA",Não,Baixo,Não,−,−,−,Não,Sim,Alimentos,Não,,,
5611-2/03,"LANCHONETE, CASAS DE CHÁ, DE SUCOS E SIMILARES: SORVETERIA",Não,Baixo,Não,−,−,−,Não,Sim,Alimentos,Não,,,
5611-2/04,"BARES E OUTROS ESTABELECIMENTOS ESPECIALIZADOS EM SERVIR BEBIDAS, SEM ENTRETENIMENTO",Não,Baixo,Não,−,−,−,Não,Sim,Alimentos,Não,,,
5611-2/05,"BARES E OUTROS ESTABELECIMENTOS ESPECIALIZADOS EM SERVIR BEBIDAS, COM ENTRETENIMENTO",Não,Baixo,Não,−,−,−,Não,Sim,Alimentos,Não,,,
5612-1/00,SERVIÇOS AMBULANTES DE ALIMENTAÇÃO,Não,Baixo,Não,−,−,−,Sim,Sim,Alimentos,Não,,,
5620-1/01,FORNECIMENTO DE ALIMENTOS PREPARADOS PREPONDERANTE MENTE PARA EMPRESAS,Não,Alto,Não,−,−,−,Não,Sim,Alimentos,Não,,,
5620-1/02,SERVIÇOS DE ALIMENTAÇÃO PARA EVENTOS E RECEPÇÕES - BUFÊ,Não,Médio,Não,−,−,−,Não,Sim,Alimentos,Não,,,
5620-1/03,CANTINAS - SERVIÇOS DE ALIMENTAÇÃO PRIVATIVOS,Não,Médio,Não,−,−,−,Não,Sim,Alimentos,Não,,,
5620-1/04,FORNECIMENTO DE ALIMENTOS PREPARADOS PREPONDERANTEMENTE PARA CONSUMO DOMICILIAR,Não,Baixo,Não,−,−,−,Não,Sim,Alimentos,Não,,,
5620-1/04,FORNECIMENTO DE ALIMENTOS PREPARADOS PREPONDERANTEMENTE PARA CONSUMO DOMICILIAR: PIZZARIA DELIVERY,Não,Baixo,Não,−,−,−,Não,Sim,Alimentos,Não,,,
5914-6/00,ATIVIDADES DE EXIBIÇÃO CINEMATOGRÁFICA,Não,Médio,Não,−,−,−,Não,Não,Interesse da saúde,Não,,,
6203-1/00,DESENVOLVIMENTO E LICENCIAMENTO DE PROGRAMAS DE COMPUTADOR NÃO CUSTOMIZÁVEIS,Não,Baixo,Sim,"Desde que não haja o desenvolvimento de softwares que realizam ou influenciam diretamente no diagnóstico, monitoramento, terapia (tratamento) para a saúde. Caso haja, será considerado Alto Risco.","Haverá o desenvolvimento de softwares que realizam ou influenciam diretamente no diagnóstico, monitoramento, terapia (tratamento) para a saúde?",−,Sim,Não,Interesse da saúde,Não,,,
6822-6/00,GESTÃO E ADMINISTRAÇÃO DA PROPRIEDADE IMOBILIÁRIA,Não,Baixo,Não,−,−,Possui no exercício da atividade o gerenciamento de resíduos compatíveis com serviços de saúde?,Sim,Não,Interesse da saúde,Não,,,
7120-1/00,TESTES E ANÁLISES TÉCNICAS,Não,Baixo,Sim,"Desde que não haja no exercício da atividade a análise de produto sujeito à vigilância sanitária. Caso haja, será considerado Alto Risco.",Haverá no exercício da atividade a análise de produto sujeito à Vigilância Sanitária?,−,Sim,Não,Interesse da saúde,Sim,,,
7490-1/99,"OUTRAS ATIVIDADES PROFISSIONAIS, CIENTÍFICAS E TÉCNICAS NÃO ESPECIFICADAS ANTERIORMENTE",Não,Baixo,Não,−,−,−,Sim,Não,Interesse da saúde,Não,,,
7500-1/00,ATIVIDADES VETERINÁRIAS (POR CONSULTÓRIO),Sim,Médio,Sim,"Desde que o resultado do exercício da atividade não inclua a comercialização e/ou uso de medicamentos controlados e/ou equipamentos de diagnóstico por imagem. Caso inclua, será considerado Alto Risco.",O resultado do exercício da atividade inclui a comercialização e/ou uso de medicamentos controlados e/ou equipamentos de diagnóstico por imagem?,−,Sim,Não,Interesse da saúde,Sim,,,
7729-2/03,ALUGUEL DE MATERIAL MÉDICO,Não,Baixo,Não,−,−,−,,Sim,Interesse da saúde,Não,,,
7739-0/03,"ALUGUEL DE PALCOS, COBERTURAS E OUTRAS ESTRUTURAS DE USO TEMPORÁRIO, EXCETO ANDAIMES",Não,Baixo,Sim,"Desde que não haja no exercício da atividade o aluguel e/ou leasing operacional, incluindo montagem, de sanitários químicos para uso em eventos. Caso haja, será considerado Médio Risco.","No exercício da atividade, realiza o aluguel e leasing operacional, incluindo montagem, de sanitários químicos para uso em eventos?",−,Sim,Sim,Interesse da saúde,Não,,,
8112-5/00,CONDOMÍNIOS PREDIAIS,Não,Baixo,Sim,"Desde que não haja, no exercício da atividade, o gerenciamento de resíduos compatíveis com serviços de saúde. Caso haja, será considerado Médio Risco.",Possui no exercício da atividade o gerenciamento de resíduos compatíveis com serviços de saúde?,−,Não,Não,Interesse da saúde,Não,,,
8121-4/00,LIMPEZA EM PRÉDIOS E EM DOMICÍLIOS,Não,Médio,Não,−,−,−,Sim,Não,Interesse da saúde,Não,,,
8122-2/00,IMUNIZAÇÃO E CONTROLE DE PRAGAS URBANAS,Não,Alto,Não,−,−,−,Não,Não,Interesse da saúde,Sim,,,
8129-0/00,ATIVIDADES DE LIMPEZA NÃO ESPECIFICADOS ANTERIORMENTE: LIMPEZA DE FOSSA,Não,Médio,Não,−,−,−,Sim,Não,Interesse da saúde,Não,,,
8129-0/00,"ATIVIDADES DE LIMPEZA NÃO ESPECIFICADOS ANTERIORMENTE: LIMPEZA, DESINFECÇÃO DE POÇO/CAIXA D’ÁGUA",Não,Médio,Não,−,−,−,Não,Não,Interesse da saúde,Não,,,
8129-0/00,ATIVIDADES DE LIMPEZA NÃO ESPECIFICADOS ANTERIORMENTE: SERVIÇO DE ESTERILIZAÇÃO/ IRRADIAÇÃO,Não,Alto,Não,−,−,"Haverá no exercício da atividade o procedimento de esterilização de produtos relacionados à saúde?
Haverá a prestação de serviços de reprocessamento por gás óxido de etileno (E.T.O) ou suas misturas?
Haverá a prestação de serviços de esterilização por gás óxido de etileno ou suas misturas em hospital ou entidade a ele assemelhada?
Haverá a prestação de serviços de irradiação de alimentos por radiação ionizante?
Haverá a prestação de serviços de esterilização através de óxido de etileno (E.T.O) ou radiação ionizante?
Haverá a prestação de serviços de eliminação de micro-organismos nocivos por meio de esterilização em equipamentos médico-hospitalares e/ou outros?",Não,Não,Interesse da saúde,"Sim, caso seja Alto Risco",,,
8230-0/01,"SERVIÇOS DE ORGANIZAÇÃO DE FEIRAS, CONGRESSOS, EXPOSIÇÕES E FESTAS",Não,Baixo,Não,−,−,−,Sim,Sim,Interesse da saúde,Não,,,
8230-0/02,CASA DE FESTAS E EVENTOS,Não,Baixo,Não,−,−,−,−,Sim,Interesse da saúde,Não,,,
8292-0/00,ENVASAMENTO E EMPACOTAMENTO SOB CONTRATO,Não,Baixo,Sim,"Desde que não haja, no exercício da atividade, o envasamento, fracionamento e/ou empacotamento de produtos relacionados a saúde, tais como: engarrafamento de produtos líquidos, incluindo alimentos e bebidas, empacotamento de sólidos, envasamento em aerossóis ou empacotamento de produtos farmacêuticos. Caso haja, será considerado Alto Risco.","Haverá, no exercício da atividade, o envasamento, fracionamento e/ou empacotamento de produtos relacionados a saúde, tais como: engarrafamento de produtos líquidos, incluindo alimentos e bebidas, empacotamento de sólidos, envasamento em aerossóis ou empacotamento de produtos farmacêuticos?",−,Não,Sim,Interesse da saúde,Não,,,
8511-2/00,EDUCAÇÃO INFANTIL - CRECHE,Não,Alto,Não,−,−,"Possui Serviço de Saúde, Nutrição, Fisioterapia, Odontologia ou outros?",Não,Não,Interesse da saúde,Não,,,
8512-1/00,EDUCAÇÃO INFANTIL – PRÉ-ESCOLA,Não,Médio,Não,−,−,−,Não,Não,Interesse da saúde,Não,,,
8513-9/00,ENSINO FUNDAMENTAL,Não,Médio,Não,−,−,"Possui Serviço de Saúde, Nutrição, Fisioterapia, Odontologia ou outros?",Não,Não,Interesse da saúde,Não,,,
8520-1/00,ENSINO MÉDIO,Não,Médio,Não,−,−,−,Não,Não,Interesse da saúde,Não,,,
8531-7/00,EDUCAÇÃO SUPERIOR - GRADUAÇÃO,Não,Médio,Sim,"Desde que não haja no exercício da atividade de ensino, a realização de procedimentos invasivos e/ou a manipulação de agentes físicos, químicos ou biológicos em laboratório. Caso haja, será considerado Alto Risco.","Haverá no exercício da atividade de ensino, a realização de procedimentos invasivos e/ou a manipulação de agentes físicos, químicos ou biológicos em laboratório?",−,Não,Não,Interesse da saúde,"Sim, caso seja Alto Risco",,,
8532-5/00,EDUCAÇÃO SUPERIOR - GRADUAÇÃO E PÓS GRADUAÇÃO,Não,Médio,Sim,"Desde que não haja no exercício da atividade de ensino, a realização de procedimentos invasivos e/ou a manipulação de agentes físicos, químicos ou biológicos em laboratório. Caso haja, será considerado Alto Risco.","Haverá no exercício da atividade de ensino, a realização de procedimentos invasivos e/ou a manipulação de agentes físicos, químicos ou biológicos em laboratório?",−,Não,Não,Interesse da saúde,"Sim, caso seja Alto Risco",,,
8533-3/00,EDUCAÇÃO SUPERIOR - PÓS GRADUAÇÃO E EXTENSÃO,Não,Médio,Sim,"Desde que não haja no exercício da atividade de ensino, a realização de procedimentos invasivos e/ou a manipulação de agentes físicos, químicos ou biológicos em laboratório. Caso haja, será considerado Alto Risco.","Haverá no exercício da atividade de ensino, a realização de procedimentos invasivos e/ou a manipulação de agentes físicos, químicos ou biológicos em laboratório?",−,Não,Não,Interesse da saúde,"Sim, caso seja Alto Risco",,,
8541-4/00,EDUCAÇÃO PROFISSIONAL DE NÍVEL TÉCNICO,Não,Médio,Sim,"Desde que não haja no exercício da atividade de ensino, a realização de procedimentos invasivos e/ou a manipulação de agentes físicos, químicos ou biológicos em laboratório. Caso haja, será considerado Alto Risco.","Haverá no exercício da atividade de ensino, a realização de procedimentos invasivos e/ou a manipulação de agentes físicos, químicos ou biológicos em laboratório?",−,Não,Não,Interesse da saúde,"Sim, caso seja Alto Risco",,,
8542-2/00,EDUCAÇÃO PROFISSIONAL DE NÍVEL TÉCNOLÓGICO,Não,Médio,Sim,"Desde que não haja no exercício da atividade de ensino, a realização de procedimentos invasivos e/ou a manipulação de agentes físicos, químicos ou biológicos em laboratório. Caso haja, será considerado Alto Risco.","Haverá no exercício da atividade de ensino, a realização de procedimentos invasivos e/ou a manipulação de agentes físicos, químicos ou biológicos em laboratório?",−,Não,Não,Interesse da saúde,"Sim, caso seja Alto Risco",,,
8591-1/00,ENSINO DE ESPORTES,Não,Baixo,Não,−,−,−,Sim,Não,Interesse da saúde,Não,,,
8592-9/01,ENSINO DE DANÇA,Não,Baixo,Não,−,−,−,Sim,Não,Interesse da saúde,Não,,,
8592-9/02,"ENSINO DE ARTES CÊNICAS, EXCETO DANÇA",Não,Baixo,Não,−,−,−,Sim,Sim,Interesse da saúde,Não,,,
8592-9/03,ENSINO DE MÚSICA,Não,Baixo,Não,−,−,−,Sim,Sim,Interesse da saúde,Não,,,
8592-9/99,ENSINO DE ARTE E CULTURA NÃO ESPECIFICADO ANTERIORMENTE,Não,Baixo,Não,−,−,−,Sim,Sim,Interesse da saúde,Não,,,
8593-7/00,ENSINO DE IDIOMAS,Não,Baixo,Não,−,−,−,Sim,Sim,Interesse da saúde,Não,,,
8599-6/03,TREINAMENTO EM INFORMÁTICA,Não,Baixo,Não,−,−,−,Sim,Sim,Interesse da saúde,Não,,,
8599-6/04,TREINAMENTO EM DESENVOLVIMENTO PROFISSIONAL E GERENCIAL,Não,Baixo,Não,−,−,−,Sim,Sim,Interesse da saúde,Não,,,
8599-6/05,CURSOS PREPARATÓRIOS PARA CONCURSOS,Não,Baixo,Não,−,−,−,Não,Sim,Interesse da saúde,Não,,,
8599-6/99,OUTRAS ATIVIDADES DE ENSINO NÃO ESPECIFICADAS ANTERIORMENTE,Não,Médio,Não,−,−,−,Sim,Sim,Interesse da saúde,Não,,,
8610-1/01,ATIVIDADES DE ATENDIMENTO HOSPITALAR EXCETO PRONTO SOCORRO E UNIDADES PARA ATENDIMENTO A URGÊNCIA: CASA DE PARTO,Não,Alto,Não,−,−,−,Sim,Não,Serviços de saúde,Sim,,,
8610-1/01,ATIVIDADES DE ATENDIMENTO HOSPITALAR EXCETO PRONTO SOCORRO E UNIDADES PARA ATENDIMENTO A URGÊNCIA: CENTRO CIRÚRGICO  (POR SALA),Sim,Alto,Não,−,−,−,Sim,Não,Serviços de saúde,Sim,,,
8610-1/01,ATIVIDADES DE ATENDIMENTO HOSPITALAR EXCETO PRONTO SOCORRO E UNIDADES PARA ATENDIMENTO A URGÊNCIA: HOSPITAL DIA (POR LEITO),Sim,Alto,Não,−,−,−,Sim,Não,Serviços de saúde,Sim,,,
8610-1/01,ATIVIDADES DE ATENDIMENTO HOSPITALAR EXCETO PRONTO SOCORRO E UNIDADES PARA ATENDIMENTO A URGÊNCIA: HOSPITAL PEQUENO PORTE (POR LEITO),Sim,Alto,Não,−,−,−,Sim,Não,Serviços de saúde,Sim,,,
8610-1/02,ATIVIDADES DE ATENDIMENTO EM PRONTO SOCORRO E UNIDADES HOSPITALARES PARA ATENDIMENTO A URGÊNCIAS: HOSPITAL DIA (POR LEITO),Sim,Alto,Não,−,−,−,Sim,Não,Serviços de saúde,Sim,,,
8610-1/02,ATIVIDADES DE ATENDIMENTO EM PRONTO SOCORRO E UNIDADES HOSPITALARES PARA ATENDIMENTO A URGÊNCIAS: HOSPITAL PEQUENO PORTE (POR LEITO),Sim,Alto,Não,−,−,−,Sim,Não,Serviços de saúde,Sim,,,
8621-6/01,UTI MÓVEL,Não,Alto,Não,−,−,−,Sim,Não,Serviços de saúde,Sim,,,
8621-6/02,SERVIÇOS MÓVEIS DE ATENDIMENTO A URGÊNCIAS - EXCETO POR UTI MÓVEL,Não,Alto,Não,−,−,−,Sim,Não,Serviços de saúde,Sim,,,
8622-4/00,"SERVIÇOS DE REMOÇÃO DE PACIENTES, EXCETO OS SERVIÇOS MÓVEIS DE ATENDIMENTO A URGÊNCIAS",Não,Médio,Não,−,−,−,Sim,Não,Serviços de saúde,Sim,,,
8630-5/01,ATIVIDADE MÉDICA AMBULATORIAL COM RECURSOS PARA REALIZAÇÃO DE PROCEDIMENTOS CIÚRGICOS (POR CONSULTÓRIO),Sim,Alto,Não,−,−,−,Sim,Não,Serviços de saúde,Sim,,,
8630-5/02,ATIVIDADE MÉDICA AMBULATORIAL COM RECURSOS PARA REALIZAÇÃO DE EXAMES COMPLEMENTARES (POR CONSULTÓRIO),Sim,Alto,Não,−,−,"Os exames complementares são realizados por Clínicas de Trânsito? Caso sim, selecionar o CNAE 8630-5/02 com a especificação de Clínica de Trânsito.",Sim,Não,Serviços de saúde,Sim,,,
8630-5/02,ATIVIDADE MÉDICA AMBULATORIAL COM RECURSOS PARA REALIZAÇÃO DE EXAMES COMPLEMENTARES: UNIDADE MÓVEL DE ASSISTÊNCIA DA SAÚDE (POR GABINETE),Sim,Alto,Não,−,−,−,Sim,Não,Serviços de saúde,Sim,,,
8630-5/02,ATIVIDADE MÉDICA AMBULATORIAL COM RECURSOS PARA REALIZAÇÃO DE EXAMES COMPLEMENTARES:  CLÍNICA MÉDICA DE EXAME PSICOTÉCNICO,Não,Alto,Não,−,−,−,Sim,Não,Serviços de saúde,Sim,,,
8630-5/03,ATIVIDADE MÉDICA AMBULATORIAL RESTRITA A CONSULTAS (POR CONSULTÓRIO),Sim,Médio,Sim,"Desde que não haja no exercício da atividade a realização de procedimentos invasivos. Caso haja, será considerado Alto Risco.",Haverá no exercício da atividade a realização de procedimentos invasivos?,−,Sim,Não,Serviços de saúde,Sim,,,
8630-5/04,ATIVIDADE ODONTOLÓGICA (POR CONSULTÓRIO),Sim,Alto,Não,−,−,−,Sim,Não,Serviços de saúde,Sim,,,
8630-5/06,SERVIÇOS DE VACINAÇÃO E IMUNIZAÇÃO HUMANA,Não,Alto,Não,−,−,−,Não,Não,Serviços de saúde,Sim,,,
8630-5/99,ATIVIDADES DE ATENÇÃO AMBULATORIAL NÃO ESPECIFICADAS ANTERIORMENTE,Não,Médio,Sim,"Desde que não haja no exercício da atividade a realização de procedimentos invasivos. Caso haja, será considerado Alto Risco.",Haverá no exercício da atividade a realização de procedimentos invasivos?,−,Sim,Não,Serviços de saúde,Sim,,,
8640-2/01,LABORATÓRIOS DE ANATOMIA PATOLÓGICA E CITOLÓGICA,Não,Alto,Não,−,−,−,Não,Não,Serviços de saúde,Sim,,,
8640-2/02,LABORATÓRIOS CLÍNICOS,Não,Alto,Não,−,−,−,Não,Não,Serviços de saúde,Sim,,,
8640-2/02,LABORATÓRIOS CLÍNICOS: POSTO DE COLETA,Não,Alto,Não,−,−,−,Não,Não,Serviços de saúde,Sim,,,
8640-2/04,SERVIÇOS DE TOMOGRAFIA,Não,Alto,Não,−,−,−,Sim,Não,Serviços de saúde,Sim,,,
8640-2/05,SERVIÇOS DE DIAGNÓSTICO POR IMAGEM COM USO DE RADIAÇÃO IONIZANTE - EXCETO TOMOGRAFIA: RADIOLOGIA MÉDICA (POR APARELHO),Sim,Alto,Não,−,−,−,Sim,Não,Serviços de saúde,Sim,,,
8640-2/05,SERVIÇOS DE DIAGNÓSTICO POR IMAGEM COM USO DE RADIAÇÃO IONIZANTE - EXCETO TOMOGRAFIA: SERVIÇO DE RADIOLOGIA ODONTOLÓGICA (POR APARELHO),Sim,Alto,Não,−,−,−,Sim,Não,Serviços de saúde,Sim,,,
8640-2/06,SERVIÇOS DE RESSONÂNCIA MAGNÉTICA,Não,Alto,Não,−,−,−,Sim,Não,Serviços de saúde,Sim,,,
8640-2/07,"SERVIÇOS DE DIAGNÓSTICO POR IMAGEM, SEM USO DE RADIAÇÃO IONIZANTE - EXCETO RESSONÂNCIA MAGNÉTICA",Não,Alto,Não,−,−,−,Sim,Não,Serviços de saúde,Sim,,,
8640-2/08,"SERVIÇOS DE DIAGNÓSTICO POR REGISTRO GRÁFICO - ECG, EEG E OUTROS EXAMES ANÁLOGOS",Não,Alto,Não,−,−,−,Sim,Não,Serviços de saúde,Sim,,,
8640-2/09,SERVIÇOS DE DIAGNÓSTICO POR MÉTODOS ÓPTICOS - ENDOSCOPIA E OUTROS EXAMES ANÁLOGOS,Não,Alto,Não,−,−,−,Sim,Não,Serviços de saúde,Sim,,,
8640-2/13,SERVIÇOS DE LITOTRIPSIA,Não,Alto,Não,−,−,−,Não,Não,Serviços de saúde,Sim,,,
8640-2/99,ATIVIDADES DE SERVIÇOS DE COMPLEMENTAÇÃO DIAGNÓSTICA E TERAPÊUTICA NÃO ESPECIFICADAS ANTERIORMENTE,Não,Alto,Não,−,−,−,Sim,Não,Serviços de saúde,Sim,,,
8650-0/01,ATIVIDADES DE ENFERMAGEM,Não,Médio,Sim,"Desde que não haja no exercício da atividade a realização de procedimentos invasivos. Caso haja, será considerado Alto Risco.",Haverá no exercício da atividade a realização de procedimentos invasivos?,−,Sim,Não,Serviços de saúde,Sim,,,
8650-0/02,ATIVIDADES DE PROFISSIONAIS DA NUTRIÇÃO (POR CONSULTÓRIO),Sim,Baixo,Não,−,−,−,Sim,Não,Serviços de saúde,Sim,,,
8650-0/03,ATIVIDADES DE PSICOLOGIA E PSICANÁLISE: ATIVIDADES DE PSICOLOGIA E PSICANÁLISE (POR CONSULTÓRIO),Sim,Baixo,Não,−,−,−,Sim,Não,Serviços de saúde,Sim,,,
8650-0/04,ATIVIDADES DE FISIOTERAPIA (POR CONSULTÓRIO),Sim,Baixo,Sim,"Desde que não haja no exercício da atividade a realização de procedimentos invasivos. Caso haja, será considerado Alto Risco.",Haverá no exercício da atividade a realização de procedimentos invasivos?,−,Sim,Não,Serviços de saúde,Sim,,,
8650-0/05,ATIVIDADES DE TERAPIA OCUPACIONAL (POR CONSULTÓRIO),Sim,Baixo,Não,−,−,−,Sim,Não,Serviços de saúde,Sim,,,
8650-0/06,ATIVIDADES DE FONOAUDIOLOGIA,Não,Baixo,Não,−,−,−,Sim,Não,Serviços de saúde,Sim,,,
8650-0/99,ATIVIDADES DE PROFISSIONAIS DA ÁREA DE SAÚDE NÃO ESPECIFICADAS ANTERIORMENTE,Não,Médio,Sim,"Desde que não haja no exercício da atividade a realização de procedimentos invasivos. Caso haja, será considerado Alto Risco.",Haverá no exercício da atividade a realização de procedimentos invasivos?,−,Sim,Não,Serviços de saúde,Sim,,,
8660-7/00,ATIVIDADES DE APOIO À GESTÃO DE SAÚDE,Não,Baixo,Não,−,−,−,Sim,Não,Serviços de saúde,Sim,,,
8690-9/01,ATIVIDADES PRÁTICAS INTEGRATIVAS E COMPLEMENTARES EM SAÚDE HUMANA,Não,Baixo,Não,−,−,−,Sim,Não,Serviços de saúde,Não,,,
8690-9/03,ATIVIDADES DE ACUPUNTURA (POR CONSULTÓRIO),Sim,Médio,Não,−,−,−,Sim,Não,Serviços de saúde,Não,,,
8690-9/04,ATIVIDADES DE PODOLOGIA,Não,Médio,Não,−,−,−,Sim,Não,Serviços de saúde,Não,,,
8690-9/99,OUTRAS ATIVIDADES DE ATENÇÃO À SAÚDE HUMANA NÃO ESPECIFICADAS ANTERIORMENTE,Não,Médio,Sim,−,−,Haverá no exercício da atividade a realização de procedimentos invasivos?,Sim,Não,Serviços de saúde,"Sim, caso seja Alto Risco",,,
8711-5/01,CLÍNICAS E RESIDÊNCIAS GERIÁTRICAS,Não,Alto,Não,−,−,−,Não,Não,Serviços de saúde,Sim,,,
8711-5/02,INSTITUIÇÕES DE LONGA PERMANÊNCIA PARA IDOSOS,Não,Alto,Não,−,−,−,Não,Não,Interesse da saúde,Sim,,,
8711-5/03,"ATIVIDADES DE ASSISTÊNCIA A DEFICIENTES FÍSICOS, IMUNODEPRIMIDOS E CONVALESCENTES",Não,Alto,Não,−,−,−,Não,Não,Interesse da saúde,Sim,,,
8711-5/04,CENTROS DE APOIO A PACIENTES COM CÂNCER E COM AIDS,Não,Médio,Não,−,−,−,Não,Não,Serviços de saúde,Sim,,,
8711-5/05,CONDOMÍNIOS RESIDENCIAIS PARA IDOSOS,Não,Médio,Não,−,−,−,Não,Não,Interesse da saúde,Não,,,
8712-3/00,ATIVIDADES DE FORNECIMENTO DE INFRAESTRUTURA DE APOIO E ASSISTÊNCIA A PACIENTE NO DOMICÍLIO,Não,Alto,Não,−,−,−,Sim,SIM,Serviços de saúde,Sim,,,
8720-4/01,ATIVIDADES DE CENTROS DE ASSITÊNCIA PSICOSSOCIAL,Não,Médio,Não,−,−,−,Não,Não,Interesse da saúde,Sim,,,
8720-4/99,"ATIVIDADES DE ASSISTÊNCIA PSICOSSOCIAL E À SAÚDE A PORTADORES DE DISTÚRBIOS PSÍQUICOS, DEFICIÊNCIA MENTAL E DEPENDÊNCIA QUÍMICA NÃO ESPECIFICADAS ANTERIORMENTE",Não,Alto,Não,−,−,−,Sim,Não,Serviços de saúde,Sim,,,
8730-1/01,ORFANATOS,Não,Alto,Não,−,−,−,Não,Não,Interesse da saúde,Não,,,
8730-1/02,ALBERGUES ASSISTENCIAIS,Não,Médio,Não,−,,−,Não,Não,Interesse da saúde,Não,,,
8730-1/99,ATIVIDADES DE ASSISTÊNCIA SOCIAL PRESTADAS EM RESIDÊNCIAS COLETIVAS E PARTICULARES NÃO ESPECIFICADAS ANTERIORMENTE,Não,Alto,Não,-,-,−,Não,Não,Interesse da saúde,Não,,,
8800-6/00,SERVIÇOS DE ASSISTÊNCIA SOCIAL SEM ALOJAMENTO,Não,Médio,Não,−,−,−,Sim,Não,Interesse da saúde,Não,,,
9001-9/01,PRODUÇÃO TEATRAL,Não,Baixo,Não,−,−,−,Sim,Sim,Interesse da saúde,Não,,,
9001-9/02,PRODUÇÃO MUSICAL,Não,Baixo,Não,−,−,−,Sim,Sim,Interesse da saúde,Não,,,
9001-9/03,PRODUÇÃO DE ESPETÁCULOS DE DANÇA,Não,Baixo,Não,−,−,−,Sim,Não,Interesse da saúde,Não,,,
9001-9/04,"PRODUÇÃO DE ESPETÁCULOS CIRCENSES, DE MARIONETES E SIMILARES",Não,Baixo,Não,−,−,−,Sim,Não,Interesse da saúde,Não,,,
9003-5/00,"GESTÃO DE ESPAÇOS PARA ARTES CÊNICAS, ESPETÁCULOS E OUTRAS ATIVIDADES ARTÍSTICAS",Não,Médio,Não,−,−,−,Não,Não,Interesse da saúde,Não,,,
9311-5/00,GESTÃO DE INSTALAÇÕES DE ESPORTES,Não,Médio,Não,−,−,−,Não,Não,Interesse da saúde,Não,,,
9312-3/00,CLUBES SOCIAIS DESPORTIVOS E SIMILARES,Não,Médio,Não,−,−,"Possui serviço médico, academia de ginástica?",Não,Não,Interesse da saúde,Não,,,
9313-1/00,ATIVIDADES DE CONDICIONAMENTO FÍSICO,Não,Médio,Não,−,−,−,Sim,Não,Interesse da saúde,Sim,,,
9319-1/01,PRODUÇÃO E PROMOÇÃO DE EVENTOS ESPORTIVOS,Não,Baixo,Não,−,−,−,Sim,Não,Interesse da saúde,Não,,,
9321-2/00,PARQUES DE DIVERSÃO E PARQUES TEMÁTICOS,Não,Médio,Não,−,−,−,Não,Não,Interesse da saúde,Não,,,
9329-8/01,"DISCOTECAS, DANCETERIAS, SALÕES DE DANÇA E SIMILARES",Não,Baixo,Não,−,−,−,Não,Não,Interesse da saúde,Não,,,
9329-8/02,EXPLORAÇÃO DE BOLICHES,Não,Baixo,Não,−,−,−,Não,Não,Interesse da saúde,Não,,,
9329-8/03,"EXPLORAÇÃO DE JOGOS DE SINUCA, BILHAR E SIMILARES",Não,Baixo,Não,−,−,−,Não,Sim,Interesse da saúde,Não,,,
9329-8/04,EXPLORAÇÃO DE JOGOS ELETRÔNICOS RECREATIVOS,Não,Baixo,Não,−,−,−,Não,Sim,Interesse da saúde,Não,,,
9491-0/00,ATIVIDADES DE ORGANIZAÇÕES RELIGIOSAS OU FILOSÓFICAS,Não,Baixo,Não,−,−,−,Não,Não,Interesse da saúde,Não,,,
9601-7/01,LAVANDERIAS,Não,Médio,Sim,"Desde que o exercício da atividade não compreenda lavanderia, autônoma e independente de outro estabelecimento, que processa roupa hospitalar. Caso compreenda, será considerado Alto Risco.","O exercício da atividade compreenderá lavanderia, autônoma e independente de outro estabelecimento, que processa roupa hospitalar?",−,Não,Sim,Interesse da saúde,"Sim, caso seja Alto Risco",,,
9601-7/03,TOALHEIROS,Não,Médio,Sim,"Desde que o exercício da atividade não compreenda lavanderia, autônoma e independente de outro estabelecimento, que processa roupa hospitalar. Caso compreenda, será considerado Alto Risco.","O exercício da atividade compreenderá lavanderia, autônoma e independente de outro estabelecimento, que processa roupa hospitalar?",−,Não,Sim,Interesse da saúde,"Sim, caso seja Alto Risco",,,
9602-5/01,"CABELEIREIROS, MANICURE E PEDICURE: BARBEARIA",Não,Médio,Não,−,−,−,Sim,Sim,Interesse da saúde,Não,,,
9602-5/01,"CABELEIREIROS,MANICURE E PEDICURE: SALÃO DE BELEZA",Não,Médio,Não,−,−,−,Sim,Sim,Interesse da saúde,Não,,,
9602-5/02,ATIVIDADES DE ESTÉTICA E OUTROS SERVIÇOS DE CUIDADOS COM A BELEZA,Não,Médio,Não,−,−,"Haverá no exercício da atividade a realização de procedimentos invasivos? Caso sim, deverá ser incluído o código CNAE referente ao
profissional de nível superior com formação na área de saúde.",Sim,Sim,Interesse da saúde,Não,,,
9603-3/01,GESTÃO DE MANUTENÇÃO DE CEMITÉRIOS (POR SALA),Sim,Médio,Não,−,−,−,Não,Não,Interesse da saúde,Sim,,,
9603-3/02,SERVIÇOS DE CREMAÇÃO,Não,Médio,Não,−,−,−,Não,Não,Interesse da saúde,Não,,,
9603-3/03,SERVIÇOS DE SEPULTAMENTO,Não,Médio,Não,−,−,−,Não,Não,Interesse da saúde,Não,,,
9603-3/04,SERVIÇOS DE FUNERÁRIAS,Não,Médio,Não,−,−,−,Não,SIM,Interesse da saúde,Não,,,
9603-3/05,SERVIÇOS DE SOMATOCONSERVAÇÃO,Não,Alto,Não,−,−,−,Não,Não,Interesse da saúde,Não,,,
9603-3/99,ATIVIDADES FUNERÁRIAS E SERVIÇOS RELACIONADOS NÃO ESPECIFICADOS ANTERIORMENTE,Não,Médio,Não,−,−,−,Não,Não,Interesse da saúde,Não,,,
9609-2/05,ATIVIDADES DE SAUNA E BANHOS,Não,Médio,Não,−,−,−,Não,Não,Interesse da saúde,Não,,,
9609-2/06,SERVIÇOS DE TATUAGEM E COLOCAÇÃO DE PIERCING,Não,Alto,Não,−,−,−,Não,Sim,Interesse da saúde,Não,,,
9609-2/07,ALOJAMENTO DE ANIMAIS DOMÉSTICOS (POR BOX),Sim,Médio,Não,−,−,−,Não,Sim,Interesse da saúde,Não,,,
9609-2/08,HIGIENE E EMBELEZAMENTO DE ANIMAIS DOMÉSTICOS,Não,Baixo,Não,−,−,−,Não,Sim,Interesse da saúde,Não,,,
9609-2/99,OUTRAS ATIVIDADES DE SERVIÇOS PESSOAIS NÃO ESPECIFICADAS ANTERIORMENTE,Não,Médio,Sim,"Desde que não haja no exercício da atividade a perfuração de lóbulo auricular. Caso haja, será considerado Alto Risco.",Haverá no exercício da atividade a perfuração de lóbulo auricular?,"Haverá no exercício da atividade a realização de procedimentos invasivos?
Oferece serviços de saúde?",Sim,Sim,Interesse da saúde,Não,,,
