cnae_code,cnae_description
8630-5/99,
8650-0/99,
8690-9/99,
8720-4/99,
3250-7/06,
8630-5/04,
8650-0/01,
8650-0/02,
8650-0/04,
8650-0/05,
8650-0/06,
8650-0/07,
8690-9/01,
8690-9/03,
8690-9/04,
8712-3/00,
8592-9/99,
8592-9/01,
8592-9/02,
8592-9/03,
8593-7/00,
8599-6/03,
8599-6/04,
7739-0/99,
7721-7/00,
7733-1/00,
7739-0/02,
3314-7/09,
3319-8/00,
3329-5/01,
9002-7/02,
9511-8/00,
9512-6/00,
9521-5/00,
9529-1/02,
9529-1/03,
9529-1/06,
4299-5/99,
4329-1/99,
4330-4/99,
4399-1/99,
4618-4/99,
7490-1/99,
7119-7/99,
8219-9/99,
9609-2/99,
7410-2/99,
3314-7/07,
4110-7/00,
4120-4/00,
4211-1/01,
4211-1/02,
4212-0/00,
4213-8/00,
4221-9/01,
4221-9/02,
4221-9/03,
4221-9/04,
4221-9/05,
4222-7/01,
4222-7/02,
4223-5/00,
4291-0/00,
4292-8/01,
4292-8/02,
4299-5/01,
4311-8/01,
4311-8/02,
4312-6/00,
4313-4/00,
4319-3/00,
4321-5/00,
4322-3/01,
4322-3/02,
4322-3/03,
4329-1/01,
4329-1/02,
4329-1/03,
4329-1/04,
4330-4/01,
4330-4/02,
4330-4/03,
4330-4/04,
4330-4/05,
4391-6/00,
4399-1/01,
4399-1/02,
4399-1/03,
4399-1/05,
4512-9/01,
4530-7/06,
4542-1/01,
4611-7/00,
4612-5/00,
4613-3/00,
4614-1/00,
4615-0/00,
4616-8/00,
4617-6/00,
4618-4/01,
4618-4/02,
4618-4/03,
4619-2/00,
4929-9/03,
4929-9/04,
5250-8/02,
5250-8/04,
5320-2/02,
6201-5/01,
6201-5/02,
6202-3/00,
6203-1/00,
6204-0/00,
6209-1/00,
6311-9/00,
6319-4/00,
6399-2/00,
6462-0/00,
6463-8/00,
6621-5/01,
6621-5/02,
6622-3/00,
6629-1/00,
6810-2/01,
6810-2/02,
6821-8/01,
6821-8/02,
6822-6/00,
6911-7/01,
6911-7/02,
6920-6/01,
6920-6/02,
7020-4/00,
7111-1/00,
7112-0/00,
7119-7/01,
7119-7/02,
7119-7/03,
7119-7/04,
7210-0/00,
7220-7/00,
7311-4/00,
7319-0/02,
7319-0/03,
7319-0/04,
7320-3/00,
7410-2/02,
7410-2/03,
7420-0/01,
7420-0/02,
7420-0/04,
7490-1/02,
7490-1/03,
7490-1/04,
7490-1/05,
7740-3/00,
7810-8/00,
7820-5/00,
7830-2/00,
7911-2/00,
7912-1/00,
7990-2/00,
8030-7/00,
8111-7/00,
8121-4/00,
8130-3/00,
8230-0/01,
8291-1/00,
8299-7/04,
8550-3/02,
9001-9/01,
9001-9/02,
9001-9/03,
9001-9/04,
9001-9/05,
9001-9/06,
9002-7/01,
9102-3/02,
9319-1/01,
9602-5/01,
9602-5/02,
3313-9/99,
3011-3/01,
3311-2/00,
3312-1/02,
3312-1/03,
3312-1/04,
3313-9/01,
3313-9/02,
3314-7/01,
3314-7/02,
3314-7/03,
3314-7/04,
3314-7/05,
3314-7/06,
3314-7/08,
3314-7/10,
3314-7/11,
3314-7/12,
3314-7/13,
3314-7/14,
3314-7/15,
3314-7/16,
3314-7/17,
3314-7/18,
3314-7/19,
3314-7/20,
3314-7/21,
3314-7/22,
3314-7/99,
3315-5/00,
3316-3/01,
3316-3/02,
3317-1/01,
3317-1/02,
3321-0/00,
3329-5/99,
3702-9/00,
4329-1/05,
4399-1/04,
4921-3/01,
4923-0/02,
4924-8/00,
4929-9/01,
4929-9/02,
4930-2/01,
4930-2/02,
4930-2/04,
5021-1/01,
5091-2/01,
5099-8/01,
5212-5/00,
5229-0/02,
5229-0/99,
5232-0/00,
5250-8/01,
5250-8/03,
5320-2/01,
5612-1/00,
5811-5/00,
5812-3/01,
5812-3/02,
5813-1/00,
5819-1/00,
5911-1/02,
5911-1/99,
5912-0/01,
5912-0/99,
6190-6/99,
6391-7/00,
6630-4/00,
6810-2/03,
6911-7/03,
7120-1/00,
7312-2/00,
7319-0/01,
7319-0/99,
7490-1/01,
7500-1/00,
7711-0/00,
7719-5/99,
7729-2/02,
7731-4/00,
7732-2/01,
7732-2/02,
7739-0/01,
7739-0/03,
8011-1/01,
8011-1/02,
8020-0/01,
8020-0/02,
8129-0/00,
8299-7/01,
8299-7/05,
8299-7/99,
8591-1/00,
8599-6/99,
8610-1/01,
8610-1/02,
8621-6/02,
8622-4/00,
8630-5/01,
8630-5/02,
8630-5/03,
8640-2/04,
8640-2/05,
8640-2/06,
8640-2/07,
8640-2/08,
8640-2/09,
8640-2/11,
8640-2/99,
8650-0/03,
8660-7/00,
8800-6/00,
9001-9/99,
9103-1/00,
9313-1/00,
9319-1/99,
9329-8/99,
9412-0/99,
9430-8/00,
9493-6/00,
9499-5/00,
9529-1/01,
9529-1/05,
9529-1/99,
3011-3/02,
3511-5/01,
3701-1/00,
5030-1/01,
5030-1/02,
5030-1/03,
5231-1/02,
5250-8/05,
5912-0/02,
5913-8/00,
5920-1/00,
8621-6/01,
